{"associatedChampions":[83],"associatedMaps":[11],"blocks":[{"hideIfSummonerSpell":"","items":[{"count":1,"id":"1036"},{"count":1,"id":"2031"}],"showIfSummonerSpell":"","type":"Starting Items"},{"hideIfSummonerSpell":"","items":[{"count":1,"id":"6692"},{"count":1,"id":"3009"},{"count":1,"id":"6694"}],"showIfSummonerSpell":"","type":"Mythic & Core Items"},{"hideIfSummonerSpell":"","items":[{"count":1,"id":"6676"},{"count":1,"id":"3071"}],"showIfSummonerSpell":"","type":"Fourth Item Options"},{"hideIfSummonerSpell":"","items":[{"count":1,"id":"3071"},{"count":1,"id":"3156"},{"count":1,"id":"3026"}],"showIfSummonerSpell":"","type":"Fifth Item Options"},{"hideIfSummonerSpell":"","items":[{"count":1,"id":"3814"},{"count":1,"id":"3193"},{"count":1,"id":"3742"}],"showIfSummonerSpell":"","type":"Sixth Item Options"}],"map":"SR","mode":"any","preferredItemSlots":[],"sortrank":9999,"startedFrom":"blank","title":"U.GG - Yorick","type":"custom","uid":"d08ff59a-2af7-d64e-81e6-bb26dfe484f2"}