game.frametime_average,game.frametime_variance,game.time,network.acks_received,network.acks_received_future,network.acks_received_past,network.acks_sent,network.adapter,network.bytes_received,network.bytes_sent,network.connects,network.connects_received,network.connects_rejected,network.connects_sent,network.disconnects,network.invalid_packets,network.invalid_packets_bytes,network.message_sequencing_count,network.message_sequencing_max_queued,network.message_sequencing_max_width,network.messages_limited,network.messages_received,network.messages_redundant,network.messages_resent,network.messages_sent,network.never_connected,network.packets_acked,network.packets_from_old_connection,network.packets_limited,network.packets_lost,network.packets_outofseq,network.packets_received,network.packets_received_while_disconnected,network.packets_sent,network.packets_sent_while_disconnected,network.peer_address,network.peer_port,network.processing_time,network.reconnects,network.reconnects_rejected,network.release_version,network.rtt_average,network.rtt_jitter,network.status,player.id,replication.banks_sent,replication.bytes_sent,replication.fields_changed,replication.fields_sent,replication.objects_changed,stats.duration,stats.version,
0.022289,0.006966,0.045160,35,0,0,254,Wireless,65280,11355,1,3,0,3,0,0,0,3403,1927,2476,0,7010,0,0,45,0,35,0,0,0,0,289,0,292,0,162.249.77.144,5369,0.007959,0,0,14.01,0.046216,0.000676,Connected,19083688,0,0,0,0,0,10.001677,7,
0.003653,0.000002,0.045160,75,0,0,185,Wireless,14005,13565,0,0,0,0,0,0,0,115,38,39,0,527,0,0,75,0,75,0,0,0,0,260,0,260,0,162.249.77.144,5369,0.004552,0,0,14.01,0.046014,0.000520,Connected,19083688,0,0,0,0,0,10.000500,7,
0.003655,0.000002,0.045160,67,0,0,196,Wireless,13484,13954,0,0,0,0,0,0,0,41,38,39,0,357,0,0,68,0,67,0,0,0,0,263,0,264,0,162.249.77.144,5369,0.004287,0,0,14.01,0.046159,0.000898,Connected,19083688,0,0,0,0,0,10.003699,7,
0.004647,0.000012,8.302719,80,0,0,208,Wireless,43505,10302,0,0,0,0,0,0,0,20,19,20,0,1384,0,0,89,0,80,0,0,0,0,288,0,287,0,162.249.77.144,5369,0.004942,0,0,14.01,0.045891,0.000586,Connected,19083688,0,0,0,0,0,10.002387,7,
0.004173,0.000000,18.305611,102,0,0,123,Wireless,20232,8828,0,0,0,0,0,0,0,0,19,20,0,523,0,0,123,0,102,0,0,0,0,225,0,226,0,162.249.77.144,5369,0.004267,0,0,14.01,0.046150,0.000816,Connected,19083688,0,0,0,0,0,10.003012,7,
0.004173,0.000000,28.308687,145,0,0,162,Wireless,25844,11812,0,0,0,0,0,0,0,0,19,20,0,677,0,0,182,0,145,0,0,0,0,307,0,308,0,162.249.77.144,5369,0.005653,0,0,14.01,0.045899,0.000437,Connected,19083688,0,0,0,0,0,10.003343,7,
0.004182,0.000000,38.311111,174,0,0,172,Wireless,26211,12444,0,0,0,0,0,0,0,0,19,20,0,711,0,0,207,0,174,0,0,0,0,346,0,344,0,162.249.77.144,5369,0.006190,0,0,14.01,0.045947,0.000545,Connected,19083688,0,0,0,0,0,10.002734,7,
0.004173,0.000000,48.313198,145,0,0,141,Wireless,18786,10492,0,0,0,0,0,0,0,0,19,20,0,522,0,0,166,0,145,0,0,0,0,286,0,285,0,162.249.77.144,5369,0.005107,0,0,14.01,0.046108,0.000784,Connected,19083688,0,0,0,0,0,10.002370,7,
