{"associatedChampions":[44],"associatedMaps":[12],"blocks":[{"hideIfSummonerSpell":"","items":[{"count":1,"id":"2003"},{"count":1,"id":"2051"},{"count":1,"id":"3070"}],"showIfSummonerSpell":"","type":"Starting Items"},{"hideIfSummonerSpell":"","items":[{"count":1,"id":"6662"},{"count":1,"id":"3111"},{"count":1,"id":"3119"}],"showIfSummonerSpell":"","type":"Mythic & Core Items"},{"hideIfSummonerSpell":"","items":[{"count":1,"id":"3065"},{"count":1,"id":"3110"}],"showIfSummonerSpell":"","type":"Fourth Item Options"},{"hideIfSummonerSpell":"","items":[{"count":1,"id":"3110"},{"count":1,"id":"4401"},{"count":1,"id":"3075"}],"showIfSummonerSpell":"","type":"Fifth Item Options"},{"hideIfSummonerSpell":"","items":[{"count":1,"id":"3110"},{"count":1,"id":"3083"},{"count":1,"id":"8020"}],"showIfSummonerSpell":"","type":"Sixth Item Options"}],"map":"HA","mode":"any","preferredItemSlots":[],"sortrank":9999,"startedFrom":"blank","title":"U.GG - Taric","type":"custom","uid":"1f12e8d3-77fd-9645-9152-a7aee617d790"}