{"associatedChampions":[134],"associatedMaps":[12],"blocks":[{"hideIfSummonerSpell":"","items":[{"count":1,"id":"1027"},{"count":1,"id":"1052"},{"count":1,"id":"2031"},{"count":1,"id":"3070"}],"showIfSummonerSpell":"","type":"Starting Items"},{"hideIfSummonerSpell":"","items":[{"count":1,"id":"6655"},{"count":1,"id":"3020"},{"count":1,"id":"3089"}],"showIfSummonerSpell":"","type":"Mythic & Core Items"},{"hideIfSummonerSpell":"","items":[{"count":1,"id":"4645"},{"count":1,"id":"3157"}],"showIfSummonerSpell":"","type":"Fourth Item Options"},{"hideIfSummonerSpell":"","items":[{"count":1,"id":"3135"},{"count":1,"id":"4645"},{"count":1,"id":"3157"}],"showIfSummonerSpell":"","type":"Fifth Item Options"},{"hideIfSummonerSpell":"","items":[{"count":1,"id":"3135"},{"count":1,"id":"3102"},{"count":1,"id":"3157"}],"showIfSummonerSpell":"","type":"Sixth Item Options"}],"map":"HA","mode":"any","preferredItemSlots":[],"sortrank":9999,"startedFrom":"blank","title":"U.GG - Syndra","type":"custom","uid":"feadb9ca-5974-a640-a5fd-bf25ca78cd15"}