{"associatedChampions":[246],"associatedMaps":[11],"blocks":[{"hideIfSummonerSpell":"","items":[{"count":1,"id":"1039"},{"count":1,"id":"2031"}],"showIfSummonerSpell":"","type":"Starting Items"},{"hideIfSummonerSpell":"","items":[{"count":1,"id":"3142"},{"count":1,"id":"6692"},{"count":1,"id":"3158"}],"showIfSummonerSpell":"","type":"Mythic & Core Items"},{"hideIfSummonerSpell":"","items":[{"count":1,"id":"6694"},{"count":1,"id":"6333"}],"showIfSummonerSpell":"","type":"Fourth Item Options"},{"hideIfSummonerSpell":"","items":[{"count":1,"id":"6694"},{"count":1,"id":"6333"},{"count":1,"id":"3814"}],"showIfSummonerSpell":"","type":"Fifth Item Options"},{"hideIfSummonerSpell":"","items":[{"count":1,"id":"3026"},{"count":1,"id":"3814"},{"count":1,"id":"6333"}],"showIfSummonerSpell":"","type":"Sixth Item Options"}],"map":"SR","mode":"any","preferredItemSlots":[],"sortrank":9999,"startedFrom":"blank","title":"U.GG - Qiyana","type":"custom","uid":"23680a7e-aa25-bf43-9796-d29e77329b63"}