{"associatedChampions":[235],"associatedMaps":[12],"blocks":[{"hideIfSummonerSpell":"","items":[{"count":1,"id":"2003"},{"count":1,"id":"3070"},{"count":1,"id":"3184"}],"showIfSummonerSpell":"","type":"Starting Items"},{"hideIfSummonerSpell":"","items":[{"count":1,"id":"6692"},{"count":1,"id":"3004"},{"count":1,"id":"3009"}],"showIfSummonerSpell":"","type":"Mythic & Core Items"},{"hideIfSummonerSpell":"","items":[{"count":1,"id":"3094"},{"count":1,"id":"6676"}],"showIfSummonerSpell":"","type":"Fourth Item Options"},{"hideIfSummonerSpell":"","items":[{"count":1,"id":"6676"},{"count":1,"id":"3031"},{"count":1,"id":"3094"}],"showIfSummonerSpell":"","type":"Fifth Item Options"},{"hideIfSummonerSpell":"","items":[{"count":1,"id":"3036"},{"count":1,"id":"3031"},{"count":1,"id":"3072"}],"showIfSummonerSpell":"","type":"Sixth Item Options"}],"map":"HA","mode":"any","preferredItemSlots":[],"sortrank":9999,"startedFrom":"blank","title":"U.GG - Senna","type":"custom","uid":"74a95bed-57a4-d84b-8ab8-cf8fb3e569ef"}