{"associatedChampions":[150],"associatedMaps":[12],"blocks":[{"hideIfSummonerSpell":"","items":[{"count":1,"id":"1001"},{"count":1,"id":"2031"},{"count":1,"id":"2051"}],"showIfSummonerSpell":"","type":"Starting Items"},{"hideIfSummonerSpell":"","items":[{"count":1,"id":"6632"},{"count":1,"id":"3047"},{"count":1,"id":"6333"}],"showIfSummonerSpell":"","type":"Mythic & Core Items"},{"hideIfSummonerSpell":"","items":[{"count":1,"id":"4401"},{"count":1,"id":"3091"}],"showIfSummonerSpell":"","type":"Fourth Item Options"},{"hideIfSummonerSpell":"","items":[{"count":1,"id":"4401"},{"count":1,"id":"3091"},{"count":1,"id":"3065"}],"showIfSummonerSpell":"","type":"Fifth Item Options"},{"hideIfSummonerSpell":"","items":[{"count":1,"id":"4401"},{"count":1,"id":"3065"},{"count":1,"id":"3083"}],"showIfSummonerSpell":"","type":"Sixth Item Options"}],"map":"HA","mode":"any","preferredItemSlots":[],"sortrank":9999,"startedFrom":"blank","title":"U.GG - Gnar","type":"custom","uid":"fdb9d37d-00c3-4342-b648-58804fd078f1"}