{"associatedChampions":[203],"associatedMaps":[11],"blocks":[{"hideIfSummonerSpell":"","items":[{"count":1,"id":"1035"},{"count":1,"id":"2031"}],"showIfSummonerSpell":"","type":"Starting Items"},{"hideIfSummonerSpell":"","items":[{"count":1,"id":"6672"},{"count":1,"id":"3006"},{"count":1,"id":"6676"}],"showIfSummonerSpell":"","type":"Mythic & Core Items"},{"hideIfSummonerSpell":"","items":[{"count":1,"id":"3031"},{"count":1,"id":"3094"}],"showIfSummonerSpell":"","type":"Fourth Item Options"},{"hideIfSummonerSpell":"","items":[{"count":1,"id":"3031"},{"count":1,"id":"3026"},{"count":1,"id":"3094"}],"showIfSummonerSpell":"","type":"Fifth Item Options"},{"hideIfSummonerSpell":"","items":[{"count":1,"id":"3026"},{"count":1,"id":"3031"},{"count":1,"id":"3036"}],"showIfSummonerSpell":"","type":"Sixth Item Options"}],"map":"SR","mode":"any","preferredItemSlots":[],"sortrank":9999,"startedFrom":"blank","title":"U.GG - Kindred","type":"custom","uid":"eb63f691-cd9f-aa4e-85b0-31066e99c4c3"}