{"associatedChampions":[166],"associatedMaps":[12],"blocks":[{"hideIfSummonerSpell":"","items":[{"count":1,"id":"1001"},{"count":1,"id":"2031"},{"count":1,"id":"3184"}],"showIfSummonerSpell":"","type":"Starting Items"},{"hideIfSummonerSpell":"","items":[{"count":1,"id":"6672"},{"count":1,"id":"3006"},{"count":1,"id":"3153"}],"showIfSummonerSpell":"","type":"Mythic & Core Items"},{"hideIfSummonerSpell":"","items":[{"count":1,"id":"3091"},{"count":1,"id":"3031"}],"showIfSummonerSpell":"","type":"Fourth Item Options"},{"hideIfSummonerSpell":"","items":[{"count":1,"id":"3036"},{"count":1,"id":"3031"},{"count":1,"id":"3072"}],"showIfSummonerSpell":"","type":"Fifth Item Options"},{"hideIfSummonerSpell":"","items":[{"count":1,"id":"3036"},{"count":1,"id":"3072"},{"count":1,"id":"3031"}],"showIfSummonerSpell":"","type":"Sixth Item Options"}],"map":"HA","mode":"any","preferredItemSlots":[],"sortrank":9999,"startedFrom":"blank","title":"U.GG - Akshan","type":"custom","uid":"ccb7ae6f-52dd-d540-8151-f735d8ef7e09"}