{"associatedChampions":[56],"associatedMaps":[12],"blocks":[{"hideIfSummonerSpell":"","items":[{"count":1,"id":"2003"},{"count":1,"id":"3070"},{"count":1,"id":"3184"}],"showIfSummonerSpell":"","type":"Starting Items"},{"hideIfSummonerSpell":"","items":[{"count":1,"id":"6630"},{"count":1,"id":"3111"},{"count":1,"id":"6333"}],"showIfSummonerSpell":"","type":"Mythic & Core Items"},{"hideIfSummonerSpell":"","items":[{"count":1,"id":"6676"},{"count":1,"id":"3004"}],"showIfSummonerSpell":"","type":"Fourth Item Options"},{"hideIfSummonerSpell":"","items":[{"count":1,"id":"6694"},{"count":1,"id":"6676"},{"count":1,"id":"3814"}],"showIfSummonerSpell":"","type":"Fifth Item Options"},{"hideIfSummonerSpell":"","items":[{"count":1,"id":"3814"},{"count":1,"id":"6694"},{"count":1,"id":"3074"}],"showIfSummonerSpell":"","type":"Sixth Item Options"}],"map":"HA","mode":"any","preferredItemSlots":[],"sortrank":9999,"startedFrom":"blank","title":"U.GG - Nocturne","type":"custom","uid":"7d22ead8-1c5a-fb4f-abc3-c1dfe560481a"}