{"associatedChampions":[89],"associatedMaps":[12],"blocks":[{"hideIfSummonerSpell":"","items":[{"count":1,"id":"2003"},{"count":1,"id":"2051"},{"count":1,"id":"3070"}],"showIfSummonerSpell":"","type":"Starting Items"},{"hideIfSummonerSpell":"","items":[{"count":1,"id":"3068"},{"count":1,"id":"3111"},{"count":1,"id":"3119"}],"showIfSummonerSpell":"","type":"Mythic & Core Items"},{"hideIfSummonerSpell":"","items":[{"count":1,"id":"3083"},{"count":1,"id":"3075"}],"showIfSummonerSpell":"","type":"Fourth Item Options"},{"hideIfSummonerSpell":"","items":[{"count":1,"id":"4401"},{"count":1,"id":"3083"},{"count":1,"id":"3075"}],"showIfSummonerSpell":"","type":"Fifth Item Options"},{"hideIfSummonerSpell":"","items":[{"count":1,"id":"3193"},{"count":1,"id":"3065"},{"count":1,"id":"3110"}],"showIfSummonerSpell":"","type":"Sixth Item Options"}],"map":"HA","mode":"any","preferredItemSlots":[],"sortrank":9999,"startedFrom":"blank","title":"U.GG - Leona","type":"custom","uid":"5a6b948a-443b-2d4c-b869-a010544c6a11"}