{"associatedChampions":[58],"associatedMaps":[11],"blocks":[{"hideIfSummonerSpell":"","items":[{"count":1,"id":"1055"},{"count":1,"id":"2003"}],"showIfSummonerSpell":"","type":"Starting Items"},{"hideIfSummonerSpell":"","items":[{"count":1,"id":"3153"},{"count":1,"id":"3047"},{"count":1,"id":"6693"}],"showIfSummonerSpell":"","type":"Mythic & Core Items"},{"hideIfSummonerSpell":"","items":[{"count":1,"id":"6333"},{"count":1,"id":"6694"}],"showIfSummonerSpell":"","type":"Fourth Item Options"},{"hideIfSummonerSpell":"","items":[{"count":1,"id":"3026"},{"count":1,"id":"6333"},{"count":1,"id":"3071"}],"showIfSummonerSpell":"","type":"Fifth Item Options"},{"hideIfSummonerSpell":"","items":[{"count":1,"id":"3026"},{"count":1,"id":"6694"},{"count":1,"id":"3156"}],"showIfSummonerSpell":"","type":"Sixth Item Options"}],"map":"SR","mode":"any","preferredItemSlots":[],"sortrank":9999,"startedFrom":"blank","title":"U.GG - Renekton","type":"custom","uid":"e9320e26-d833-ef47-837f-42a02cced188"}