{"associatedChampions":[777],"associatedMaps":[11,12],"blocks":[{"hideIfSummonerSpell":"","items":[{"count":1,"id":"1055"},{"count":1,"id":"2003"},{"count":1,"id":"3340"}],"showIfSummonerSpell":"","type":"Starter items #1"},{"hideIfSummonerSpell":"","items":[{"count":1,"id":"1001"},{"count":1,"id":"3006"},{"count":1,"id":"1053"},{"count":1,"id":"1043"},{"count":1,"id":"3153"},{"count":1,"id":"6670"},{"count":1,"id":"6672"}],"showIfSummonerSpell":"","type":"Core path (pick one boots)"},{"hideIfSummonerSpell":"","items":[{"count":1,"id":"3072"},{"count":1,"id":"3036"},{"count":1,"id":"3033"},{"count":1,"id":"3156"}],"showIfSummonerSpell":"","type":"Fourth items"},{"hideIfSummonerSpell":"","items":[{"count":1,"id":"3031"}],"showIfSummonerSpell":"","type":"Fifth items"},{"hideIfSummonerSpell":"","items":[{"count":1,"id":"3091"}],"showIfSummonerSpell":"","type":"Sixth items"}],"map":"HA","mode":"any","preferredItemSlots":[],"sortrank":9999,"startedFrom":"blank","title":"ZAR: Alternative 2","type":"custom","uid":"028e0fbc-e622-457a-a9b8-12f26c2ac5c1"}