{"associatedChampions":[7],"associatedMaps":[12],"blocks":[{"hideIfSummonerSpell":"","items":[{"count":1,"id":"1001"},{"count":1,"id":"2003"},{"count":1,"id":"3145"}],"showIfSummonerSpell":"","type":"Starting Items"},{"hideIfSummonerSpell":"","items":[{"count":1,"id":"6655"},{"count":1,"id":"3020"},{"count":1,"id":"3089"}],"showIfSummonerSpell":"","type":"Mythic & Core Items"},{"hideIfSummonerSpell":"","items":[{"count":1,"id":"3157"},{"count":1,"id":"4645"}],"showIfSummonerSpell":"","type":"Fourth Item Options"},{"hideIfSummonerSpell":"","items":[{"count":1,"id":"3135"},{"count":1,"id":"3157"},{"count":1,"id":"3102"}],"showIfSummonerSpell":"","type":"Fifth Item Options"},{"hideIfSummonerSpell":"","items":[{"count":1,"id":"3102"},{"count":1,"id":"3135"},{"count":1,"id":"3157"}],"showIfSummonerSpell":"","type":"Sixth Item Options"}],"map":"HA","mode":"any","preferredItemSlots":[],"sortrank":9999,"startedFrom":"blank","title":"U.GG - LeBlanc","type":"custom","uid":"39a1b12f-0b1c-6b41-8592-bde3dc67d650"}