{"associatedChampions":[234],"associatedMaps":[12],"blocks":[{"hideIfSummonerSpell":"","items":[{"count":2,"id":"1036"},{"count":1,"id":"3057"}],"showIfSummonerSpell":"","type":"Starting Items"},{"hideIfSummonerSpell":"","items":[{"count":1,"id":"6632"},{"count":1,"id":"3047"},{"count":1,"id":"3153"}],"showIfSummonerSpell":"","type":"Mythic & Core Items"},{"hideIfSummonerSpell":"","items":[{"count":1,"id":"6333"},{"count":1,"id":"3091"}],"showIfSummonerSpell":"","type":"Fourth Item Options"},{"hideIfSummonerSpell":"","items":[{"count":1,"id":"3091"},{"count":1,"id":"3156"},{"count":1,"id":"6333"}],"showIfSummonerSpell":"","type":"Fifth Item Options"},{"hideIfSummonerSpell":"","items":[{"count":1,"id":"3065"},{"count":1,"id":"3156"},{"count":1,"id":"3091"}],"showIfSummonerSpell":"","type":"Sixth Item Options"}],"map":"HA","mode":"any","preferredItemSlots":[],"sortrank":9999,"startedFrom":"blank","title":"U.GG - Viego","type":"custom","uid":"ac31440b-ca35-bc46-b6a9-35a498a31cc7"}