{"associatedChampions":[245],"associatedMaps":[12],"blocks":[{"hideIfSummonerSpell":"","items":[{"count":1,"id":"1001"},{"count":1,"id":"2003"},{"count":1,"id":"3145"}],"showIfSummonerSpell":"","type":"Starting Items"},{"hideIfSummonerSpell":"","items":[{"count":1,"id":"4636"},{"count":1,"id":"3020"},{"count":1,"id":"3100"}],"showIfSummonerSpell":"","type":"Mythic & Core Items"},{"hideIfSummonerSpell":"","items":[{"count":1,"id":"3157"},{"count":1,"id":"3089"}],"showIfSummonerSpell":"","type":"Fourth Item Options"},{"hideIfSummonerSpell":"","items":[{"count":1,"id":"3089"},{"count":1,"id":"4645"},{"count":1,"id":"3157"}],"showIfSummonerSpell":"","type":"Fifth Item Options"},{"hideIfSummonerSpell":"","items":[{"count":1,"id":"3089"},{"count":1,"id":"4645"},{"count":1,"id":"3135"}],"showIfSummonerSpell":"","type":"Sixth Item Options"}],"map":"HA","mode":"any","preferredItemSlots":[],"sortrank":9999,"startedFrom":"blank","title":"U.GG - Ekko","type":"custom","uid":"d644f24e-cc72-764d-9f30-af24906ce9b7"}