{"associatedChampions":[154],"associatedMaps":[12],"blocks":[{"hideIfSummonerSpell":"","items":[{"count":1,"id":"1028"},{"count":1,"id":"2003"},{"count":1,"id":"2051"}],"showIfSummonerSpell":"","type":"Starting Items"},{"hideIfSummonerSpell":"","items":[{"count":1,"id":"3068"},{"count":1,"id":"3111"},{"count":1,"id":"3083"}],"showIfSummonerSpell":"","type":"Mythic & Core Items"},{"hideIfSummonerSpell":"","items":[{"count":1,"id":"3065"},{"count":1,"id":"3075"}],"showIfSummonerSpell":"","type":"Fourth Item Options"},{"hideIfSummonerSpell":"","items":[{"count":1,"id":"4637"},{"count":1,"id":"3075"},{"count":1,"id":"4401"}],"showIfSummonerSpell":"","type":"Fifth Item Options"},{"hideIfSummonerSpell":"","items":[{"count":1,"id":"4637"},{"count":1,"id":"3193"},{"count":1,"id":"3065"}],"showIfSummonerSpell":"","type":"Sixth Item Options"}],"map":"HA","mode":"any","preferredItemSlots":[],"sortrank":9999,"startedFrom":"blank","title":"U.GG - Zac","type":"custom","uid":"4e051d64-63e9-ec43-816e-c2feb000b818"}