{"associatedChampions":[79],"associatedMaps":[12],"blocks":[{"hideIfSummonerSpell":"","items":[{"count":1,"id":"2003"},{"count":1,"id":"2051"},{"count":1,"id":"3070"}],"showIfSummonerSpell":"","type":"Starting Items"},{"hideIfSummonerSpell":"","items":[{"count":1,"id":"4636"},{"count":1,"id":"3020"},{"count":1,"id":"4645"}],"showIfSummonerSpell":"","type":"Mythic & Core Items"},{"hideIfSummonerSpell":"","items":[{"count":1,"id":"3089"},{"count":1,"id":"3157"}],"showIfSummonerSpell":"","type":"Fourth Item Options"},{"hideIfSummonerSpell":"","items":[{"count":1,"id":"3089"},{"count":1,"id":"3135"},{"count":1,"id":"3100"}],"showIfSummonerSpell":"","type":"Fifth Item Options"},{"hideIfSummonerSpell":"","items":[{"count":1,"id":"3089"},{"count":1,"id":"3157"},{"count":1,"id":"3135"}],"showIfSummonerSpell":"","type":"Sixth Item Options"}],"map":"HA","mode":"any","preferredItemSlots":[],"sortrank":9999,"startedFrom":"blank","title":"U.GG - Gragas","type":"custom","uid":"7ac3341a-e68a-e744-a0fb-7cdfa45a87d1"}