{"associatedChampions":[96],"associatedMaps":[12],"blocks":[{"hideIfSummonerSpell":"","items":[{"count":1,"id":"1042"},{"count":1,"id":"3006"}],"showIfSummonerSpell":"","type":"Starting Items"},{"hideIfSummonerSpell":"","items":[{"count":1,"id":"3006"},{"count":1,"id":"3124"},{"count":1,"id":"3085"}],"showIfSummonerSpell":"","type":"Mythic & Core Items"},{"hideIfSummonerSpell":"","items":[{"count":1,"id":"3748"},{"count":1,"id":"3091"}],"showIfSummonerSpell":"","type":"Fourth Item Options"},{"hideIfSummonerSpell":"","items":[{"count":1,"id":"3748"},{"count":1,"id":"3153"},{"count":1,"id":"3091"}],"showIfSummonerSpell":"","type":"Fifth Item Options"},{"hideIfSummonerSpell":"","items":[{"count":1,"id":"3091"},{"count":1,"id":"3748"},{"count":1,"id":"3153"}],"showIfSummonerSpell":"","type":"Sixth Item Options"}],"map":"HA","mode":"any","preferredItemSlots":[],"sortrank":9999,"startedFrom":"blank","title":"U.GG - Kog'Maw","type":"custom","uid":"6ab04c8f-c3af-0046-9b11-eb0da7eff017"}