{"associatedChampions":[92],"associatedMaps":[12],"blocks":[{"hideIfSummonerSpell":"","items":[{"count":1,"id":"1001"},{"count":1,"id":"2031"},{"count":1,"id":"3177"}],"showIfSummonerSpell":"","type":"Starting Items"},{"hideIfSummonerSpell":"","items":[{"count":1,"id":"6630"},{"count":1,"id":"3158"},{"count":1,"id":"6333"}],"showIfSummonerSpell":"","type":"Mythic & Core Items"},{"hideIfSummonerSpell":"","items":[{"count":1,"id":"3156"},{"count":1,"id":"3071"}],"showIfSummonerSpell":"","type":"Fourth Item Options"},{"hideIfSummonerSpell":"","items":[{"count":1,"id":"3074"},{"count":1,"id":"3071"},{"count":1,"id":"3065"}],"showIfSummonerSpell":"","type":"Fifth Item Options"},{"hideIfSummonerSpell":"","items":[{"count":1,"id":"3074"},{"count":1,"id":"3065"},{"count":1,"id":"3071"}],"showIfSummonerSpell":"","type":"Sixth Item Options"}],"map":"HA","mode":"any","preferredItemSlots":[],"sortrank":9999,"startedFrom":"blank","title":"U.GG - Riven","type":"custom","uid":"4021ba61-b866-0940-b7de-56feaddfcfcc"}