{"associatedChampions":[427],"associatedMaps":[12],"blocks":[{"hideIfSummonerSpell":"","items":[{"count":1,"id":"2003"},{"count":1,"id":"3070"},{"count":1,"id":"4642"}],"showIfSummonerSpell":"","type":"Starting Items"},{"hideIfSummonerSpell":"","items":[{"count":1,"id":"6617"},{"count":1,"id":"3158"},{"count":1,"id":"3003"}],"showIfSummonerSpell":"","type":"Mythic & Core Items"},{"hideIfSummonerSpell":"","items":[{"count":1,"id":"3107"},{"count":1,"id":"3504"}],"showIfSummonerSpell":"","type":"Fourth Item Options"},{"hideIfSummonerSpell":"","items":[{"count":1,"id":"3504"},{"count":1,"id":"6616"},{"count":1,"id":"3011"}],"showIfSummonerSpell":"","type":"Fifth Item Options"},{"hideIfSummonerSpell":"","items":[{"count":1,"id":"6616"},{"count":1,"id":"3504"},{"count":1,"id":"3107"}],"showIfSummonerSpell":"","type":"Sixth Item Options"}],"map":"HA","mode":"any","preferredItemSlots":[],"sortrank":9999,"startedFrom":"blank","title":"U.GG - Ivern","type":"custom","uid":"2ce83332-d670-4c4e-8287-26fec6c4f076"}