{"associatedChampions":[526],"associatedMaps":[12],"blocks":[{"hideIfSummonerSpell":"","items":[{"count":1,"id":"1029"},{"count":1,"id":"2031"},{"count":1,"id":"2051"}],"showIfSummonerSpell":"","type":"Starting Items"},{"hideIfSummonerSpell":"","items":[{"count":1,"id":"3068"},{"count":1,"id":"3111"},{"count":1,"id":"3083"}],"showIfSummonerSpell":"","type":"Mythic & Core Items"},{"hideIfSummonerSpell":"","items":[{"count":1,"id":"4401"},{"count":1,"id":"3075"}],"showIfSummonerSpell":"","type":"Fourth Item Options"},{"hideIfSummonerSpell":"","items":[{"count":1,"id":"3075"},{"count":1,"id":"4401"},{"count":1,"id":"3193"}],"showIfSummonerSpell":"","type":"Fifth Item Options"},{"hideIfSummonerSpell":"","items":[{"count":1,"id":"4401"},{"count":1,"id":"3065"},{"count":1,"id":"3075"}],"showIfSummonerSpell":"","type":"Sixth Item Options"}],"map":"HA","mode":"any","preferredItemSlots":[],"sortrank":9999,"startedFrom":"blank","title":"U.GG - Rell","type":"custom","uid":"567ebca0-b589-9b4e-8ba5-307d589fe5a3"}