{"associatedChampions":[23],"associatedMaps":[12],"blocks":[{"hideIfSummonerSpell":"","items":[{"count":1,"id":"1001"},{"count":1,"id":"2031"},{"count":1,"id":"3184"}],"showIfSummonerSpell":"","type":"Starting Items"},{"hideIfSummonerSpell":"","items":[{"count":1,"id":"6672"},{"count":1,"id":"3006"},{"count":1,"id":"3046"}],"showIfSummonerSpell":"","type":"Mythic & Core Items"},{"hideIfSummonerSpell":"","items":[{"count":1,"id":"3031"},{"count":1,"id":"6675"}],"showIfSummonerSpell":"","type":"Fourth Item Options"},{"hideIfSummonerSpell":"","items":[{"count":1,"id":"3153"},{"count":1,"id":"3031"},{"count":1,"id":"3072"}],"showIfSummonerSpell":"","type":"Fifth Item Options"},{"hideIfSummonerSpell":"","items":[{"count":1,"id":"3153"},{"count":1,"id":"3072"},{"count":1,"id":"3031"}],"showIfSummonerSpell":"","type":"Sixth Item Options"}],"map":"HA","mode":"any","preferredItemSlots":[],"sortrank":9999,"startedFrom":"blank","title":"U.GG - Tryndamere","type":"custom","uid":"56133dfb-3b66-dd41-b76f-1087c0ec658b"}