{"associatedChampions":[36],"associatedMaps":[12],"blocks":[{"hideIfSummonerSpell":"","items":[{"count":1,"id":"1028"},{"count":1,"id":"2003"},{"count":1,"id":"2051"}],"showIfSummonerSpell":"","type":"Starting Items"},{"hideIfSummonerSpell":"","items":[{"count":1,"id":"3068"},{"count":1,"id":"3111"},{"count":1,"id":"3083"}],"showIfSummonerSpell":"","type":"Mythic & Core Items"},{"hideIfSummonerSpell":"","items":[{"count":1,"id":"3065"},{"count":1,"id":"3075"}],"showIfSummonerSpell":"","type":"Fourth Item Options"},{"hideIfSummonerSpell":"","items":[{"count":1,"id":"3075"},{"count":1,"id":"4401"},{"count":1,"id":"3193"}],"showIfSummonerSpell":"","type":"Fifth Item Options"},{"hideIfSummonerSpell":"","items":[{"count":1,"id":"3193"},{"count":1,"id":"4401"},{"count":1,"id":"3748"}],"showIfSummonerSpell":"","type":"Sixth Item Options"}],"map":"HA","mode":"any","preferredItemSlots":[],"sortrank":9999,"startedFrom":"blank","title":"U.GG - Dr. Mundo","type":"custom","uid":"677446d8-2718-7b46-940c-9b07eeb1dfa3"}