{"associatedChampions":[141],"associatedMaps":[11],"blocks":[{"hideIfSummonerSpell":"","items":[{"count":1,"id":"1036"},{"count":1,"id":"2031"}],"showIfSummonerSpell":"","type":"Starting Items"},{"hideIfSummonerSpell":"","items":[{"count":1,"id":"6693"},{"count":1,"id":"3158"},{"count":1,"id":"3004"}],"showIfSummonerSpell":"","type":"Mythic & Core Items"},{"hideIfSummonerSpell":"","items":[{"count":1,"id":"6694"},{"count":1,"id":"6676"}],"showIfSummonerSpell":"","type":"Fourth Item Options"},{"hideIfSummonerSpell":"","items":[{"count":1,"id":"6694"},{"count":1,"id":"6333"},{"count":1,"id":"3156"}],"showIfSummonerSpell":"","type":"Fifth Item Options"},{"hideIfSummonerSpell":"","items":[{"count":1,"id":"6694"},{"count":1,"id":"3071"},{"count":1,"id":"3065"}],"showIfSummonerSpell":"","type":"Sixth Item Options"}],"map":"SR","mode":"any","preferredItemSlots":[],"sortrank":9999,"startedFrom":"blank","title":"U.GG - Kayn","type":"custom","uid":"a598d714-9fae-6249-8c8b-78fe1418bc66"}