{"accountId":21745520,"itemSets":[{"associatedChampions":[777],"associatedMaps":[11,12],"blocks":[{"hideIfSummonerSpell":"","items":[{"count":1,"id":"1055"},{"count":1,"id":"2003"},{"count":1,"id":"3340"}],"showIfSummonerSpell":"","type":"Starter items #1"},{"hideIfSummonerSpell":"","items":[{"count":1,"id":"1001"},{"count":1,"id":"3006"},{"count":1,"id":"1053"},{"count":1,"id":"1043"},{"count":1,"id":"3153"},{"count":1,"id":"6670"},{"count":1,"id":"6672"}],"showIfSummonerSpell":"","type":"Core path (pick one boots)"},{"hideIfSummonerSpell":"","items":[{"count":1,"id":"3072"},{"count":1,"id":"3036"},{"count":1,"id":"3033"},{"count":1,"id":"3156"}],"showIfSummonerSpell":"","type":"Fourth items"},{"hideIfSummonerSpell":"","items":[{"count":1,"id":"3031"}],"showIfSummonerSpell":"","type":"Fifth items"},{"hideIfSummonerSpell":"","items":[{"count":1,"id":"3091"}],"showIfSummonerSpell":"","type":"Sixth items"}],"map":"any","mode":"any","preferredItemSlots":[],"sortrank":0,"startedFrom":"blank","title":"ZAR: Alternative 2","type":"custom","uid":"028e0fbc-e622-457a-a9b8-12f26c2ac5c1"},{"associatedChampions":[134],"associatedMaps":[12],"blocks":[{"hideIfSummonerSpell":"","items":[{"count":1,"id":"1027"},{"count":1,"id":"1052"},{"count":1,"id":"2031"},{"count":1,"id":"3070"}],"showIfSummonerSpell":"","type":"Starting Items"},{"hideIfSummonerSpell":"","items":[{"count":1,"id":"6655"},{"count":1,"id":"3020"},{"count":1,"id":"3089"}],"showIfSummonerSpell":"","type":"Mythic & Core Items"},{"hideIfSummonerSpell":"","items":[{"count":1,"id":"4645"},{"count":1,"id":"3157"}],"showIfSummonerSpell":"","type":"Fourth Item Options"},{"hideIfSummonerSpell":"","items":[{"count":1,"id":"3135"},{"count":1,"id":"4645"},{"count":1,"id":"3157"}],"showIfSummonerSpell":"","type":"Fifth Item Options"},{"hideIfSummonerSpell":"","items":[{"count":1,"id":"3135"},{"count":1,"id":"3102"},{"count":1,"id":"3157"}],"showIfSummonerSpell":"","type":"Sixth Item Options"}],"map":"any","mode":"any","preferredItemSlots":[],"sortrank":0,"startedFrom":"blank","title":"U.GG - Syndra","type":"custom","uid":"feadb9ca-5974-a640-a5fd-bf25ca78cd15"},{"associatedChampions":[76],"associatedMaps":[12],"blocks":[{"hideIfSummonerSpell":"","items":[{"count":2,"id":"1052"},{"count":1,"id":"3070"}],"showIfSummonerSpell":"","type":"Starting Items"},{"hideIfSummonerSpell":"","items":[{"count":1,"id":"6655"},{"count":1,"id":"3020"},{"count":1,"id":"3089"}],"showIfSummonerSpell":"","type":"Mythic & Core Items"},{"hideIfSummonerSpell":"","items":[{"count":1,"id":"4645"},{"count":1,"id":"4628"}],"showIfSummonerSpell":"","type":"Fourth Item Options"},{"hideIfSummonerSpell":"","items":[{"count":1,"id":"4645"},{"count":1,"id":"4628"},{"count":1,"id":"3100"}],"showIfSummonerSpell":"","type":"Fifth Item Options"},{"hideIfSummonerSpell":"","items":[{"count":1,"id":"3135"},{"count":1,"id":"3102"},{"count":1,"id":"4645"}],"showIfSummonerSpell":"","type":"Sixth Item Options"}],"map":"any","mode":"any","preferredItemSlots":[],"sortrank":0,"startedFrom":"blank","title":"U.GG - Nidalee","type":"custom","uid":"45b60f0a-77ce-9d49-9478-7ecb59581d71"},{"associatedChampions":[18],"associatedMaps":[12],"blocks":[{"hideIfSummonerSpell":"","items":[{"count":1,"id":"1001"},{"count":1,"id":"2031"},{"count":1,"id":"3184"}],"showIfSummonerSpell":"","type":"Starting Items"},{"hideIfSummonerSpell":"","items":[{"count":1,"id":"6672"},{"count":1,"id":"3006"},{"count":1,"id":"3046"}],"showIfSummonerSpell":"","type":"Mythic & Core Items"},{"hideIfSummonerSpell":"","items":[{"count":1,"id":"3031"},{"count":1,"id":"3072"}],"showIfSummonerSpell":"","type":"Fourth Item Options"},{"hideIfSummonerSpell":"","items":[{"count":1,"id":"3072"},{"count":1,"id":"3031"},{"count":1,"id":"3036"}],"showIfSummonerSpell":"","type":"Fifth Item Options"},{"hideIfSummonerSpell":"","items":[{"count":1,"id":"3036"},{"count":1,"id":"3072"},{"count":1,"id":"3031"}],"showIfSummonerSpell":"","type":"Sixth Item Options"}],"map":"any","mode":"any","preferredItemSlots":[],"sortrank":0,"startedFrom":"blank","title":"U.GG - Tristana","type":"custom","uid":"32796de7-d0da-9449-b884-f695f40d6dee"},{"associatedChampions":[221],"associatedMaps":[12],"blocks":[{"hideIfSummonerSpell":"","items":[{"count":1,"id":"1001"},{"count":1,"id":"2031"},{"count":1,"id":"3184"}],"showIfSummonerSpell":"","type":"Starting Items"},{"hideIfSummonerSpell":"","items":[{"count":1,"id":"6673"},{"count":1,"id":"3006"},{"count":1,"id":"3046"}],"showIfSummonerSpell":"","type":"Mythic & Core Items"},{"hideIfSummonerSpell":"","items":[{"count":1,"id":"3031"},{"count":1,"id":"3085"}],"showIfSummonerSpell":"","type":"Fourth Item Options"},{"hideIfSummonerSpell":"","items":[{"count":1,"id":"3036"},{"count":1,"id":"3031"},{"count":1,"id":"3072"}],"showIfSummonerSpell":"","type":"Fifth Item Options"},{"hideIfSummonerSpell":"","items":[{"count":1,"id":"3072"},{"count":1,"id":"3036"},{"count":1,"id":"3085"}],"showIfSummonerSpell":"","type":"Sixth Item Options"}],"map":"any","mode":"any","preferredItemSlots":[],"sortrank":0,"startedFrom":"blank","title":"U.GG - Zeri","type":"custom","uid":"d7e1cb6d-3761-d040-943e-e1dcba1665e3"},{"associatedChampions":[104],"associatedMaps":[12],"blocks":[{"hideIfSummonerSpell":"","items":[{"count":1,"id":"1001"},{"count":1,"id":"3134"}],"showIfSummonerSpell":"","type":"Starting Items"},{"hideIfSummonerSpell":"","items":[{"count":1,"id":"6692"},{"count":1,"id":"3111"},{"count":1,"id":"6676"}],"showIfSummonerSpell":"","type":"Mythic & Core Items"},{"hideIfSummonerSpell":"","items":[{"count":1,"id":"3072"},{"count":1,"id":"3036"}],"showIfSummonerSpell":"","type":"Fourth Item Options"},{"hideIfSummonerSpell":"","items":[{"count":1,"id":"3031"},{"count":1,"id":"3036"},{"count":1,"id":"3072"}],"showIfSummonerSpell":"","type":"Fifth Item Options"},{"hideIfSummonerSpell":"","items":[{"count":1,"id":"3031"},{"count":1,"id":"3036"},{"count":1,"id":"3156"}],"showIfSummonerSpell":"","type":"Sixth Item Options"}],"map":"any","mode":"any","preferredItemSlots":[],"sortrank":0,"startedFrom":"blank","title":"U.GG - Graves","type":"custom","uid":"fd3b7c40-60de-9945-948d-7dfe461dbe3e"},{"associatedChampions":[96],"associatedMaps":[12],"blocks":[{"hideIfSummonerSpell":"","items":[{"count":1,"id":"1042"},{"count":1,"id":"3006"}],"showIfSummonerSpell":"","type":"Starting Items"},{"hideIfSummonerSpell":"","items":[{"count":1,"id":"3006"},{"count":1,"id":"3124"},{"count":1,"id":"3085"}],"showIfSummonerSpell":"","type":"Mythic & Core Items"},{"hideIfSummonerSpell":"","items":[{"count":1,"id":"3748"},{"count":1,"id":"3091"}],"showIfSummonerSpell":"","type":"Fourth Item Options"},{"hideIfSummonerSpell":"","items":[{"count":1,"id":"3748"},{"count":1,"id":"3153"},{"count":1,"id":"3091"}],"showIfSummonerSpell":"","type":"Fifth Item Options"},{"hideIfSummonerSpell":"","items":[{"count":1,"id":"3091"},{"count":1,"id":"3748"},{"count":1,"id":"3153"}],"showIfSummonerSpell":"","type":"Sixth Item Options"}],"map":"any","mode":"any","preferredItemSlots":[],"sortrank":0,"startedFrom":"blank","title":"U.GG - Kog'Maw","type":"custom","uid":"6ab04c8f-c3af-0046-9b11-eb0da7eff017"},{"associatedChampions":[523],"associatedMaps":[12],"blocks":[{"hideIfSummonerSpell":"","items":[{"count":1,"id":"1001"},{"count":1,"id":"2031"},{"count":1,"id":"3184"}],"showIfSummonerSpell":"","type":"Starting Items"},{"hideIfSummonerSpell":"","items":[{"count":1,"id":"6673"},{"count":1,"id":"3006"},{"count":1,"id":"6676"}],"showIfSummonerSpell":"","type":"Mythic & Core Items"},{"hideIfSummonerSpell":"","items":[{"count":1,"id":"3031"},{"count":1,"id":"3085"}],"showIfSummonerSpell":"","type":"Fourth Item Options"},{"hideIfSummonerSpell":"","items":[{"count":1,"id":"3072"},{"count":1,"id":"3031"},{"count":1,"id":"3036"}],"showIfSummonerSpell":"","type":"Fifth Item Options"},{"hideIfSummonerSpell":"","items":[{"count":1,"id":"3031"},{"count":1,"id":"3072"},{"count":1,"id":"3036"}],"showIfSummonerSpell":"","type":"Sixth Item Options"}],"map":"any","mode":"any","preferredItemSlots":[],"sortrank":0,"startedFrom":"blank","title":"U.GG - Aphelios","type":"custom","uid":"dd4b0774-54fe-3848-9ba7-91e300505a97"},{"associatedChampions":[32],"associatedMaps":[12],"blocks":[{"hideIfSummonerSpell":"","items":[{"count":1,"id":"1028"},{"count":1,"id":"2003"},{"count":1,"id":"2051"}],"showIfSummonerSpell":"","type":"Starting Items"},{"hideIfSummonerSpell":"","items":[{"count":1,"id":"3068"},{"count":1,"id":"3111"},{"count":1,"id":"3083"}],"showIfSummonerSpell":"","type":"Mythic & Core Items"},{"hideIfSummonerSpell":"","items":[{"count":1,"id":"4401"},{"count":1,"id":"3075"}],"showIfSummonerSpell":"","type":"Fourth Item Options"},{"hideIfSummonerSpell":"","items":[{"count":1,"id":"4401"},{"count":1,"id":"3075"},{"count":1,"id":"4637"}],"showIfSummonerSpell":"","type":"Fifth Item Options"},{"hideIfSummonerSpell":"","items":[{"count":1,"id":"4637"},{"count":1,"id":"3193"},{"count":1,"id":"4401"}],"showIfSummonerSpell":"","type":"Sixth Item Options"}],"map":"any","mode":"any","preferredItemSlots":[],"sortrank":0,"startedFrom":"blank","title":"U.GG - Amumu","type":"custom","uid":"ab3c4cb9-65a3-f64c-a950-2eebefa2211b"},{"associatedChampions":[238],"associatedMaps":[12],"blocks":[{"hideIfSummonerSpell":"","items":[{"count":1,"id":"1001"},{"count":1,"id":"2031"},{"count":1,"id":"3177"}],"showIfSummonerSpell":"","type":"Starting Items"},{"hideIfSummonerSpell":"","items":[{"count":1,"id":"6692"},{"count":1,"id":"3158"},{"count":1,"id":"6676"}],"showIfSummonerSpell":"","type":"Mythic & Core Items"},{"hideIfSummonerSpell":"","items":[{"count":1,"id":"6694"},{"count":1,"id":"6696"}],"showIfSummonerSpell":"","type":"Fourth Item Options"},{"hideIfSummonerSpell":"","items":[{"count":1,"id":"6694"},{"count":1,"id":"3814"},{"count":1,"id":"3142"}],"showIfSummonerSpell":"","type":"Fifth Item Options"},{"hideIfSummonerSpell":"","items":[{"count":1,"id":"3814"},{"count":1,"id":"6694"},{"count":1,"id":"3156"}],"showIfSummonerSpell":"","type":"Sixth Item Options"}],"map":"any","mode":"any","preferredItemSlots":[],"sortrank":0,"startedFrom":"blank","title":"U.GG - Zed","type":"custom","uid":"2616fcc9-ee47-6d4a-accc-d2eacc6424b8"},{"associatedChampions":[38],"associatedMaps":[12],"blocks":[{"hideIfSummonerSpell":"","items":[{"count":1,"id":"2003"},{"count":1,"id":"3070"},{"count":1,"id":"3112"}],"showIfSummonerSpell":"","type":"Starting Items"},{"hideIfSummonerSpell":"","items":[{"count":1,"id":"6655"},{"count":1,"id":"3020"},{"count":1,"id":"3003"}],"showIfSummonerSpell":"","type":"Mythic & Core Items"},{"hideIfSummonerSpell":"","items":[{"count":1,"id":"3157"},{"count":1,"id":"3089"}],"showIfSummonerSpell":"","type":"Fourth Item Options"},{"hideIfSummonerSpell":"","items":[{"count":1,"id":"3089"},{"count":1,"id":"3100"},{"count":1,"id":"3157"}],"showIfSummonerSpell":"","type":"Fifth Item Options"},{"hideIfSummonerSpell":"","items":[{"count":1,"id":"3089"},{"count":1,"id":"3135"},{"count":1,"id":"4645"}],"showIfSummonerSpell":"","type":"Sixth Item Options"}],"map":"any","mode":"any","preferredItemSlots":[],"sortrank":0,"startedFrom":"blank","title":"U.GG - Kassadin","type":"custom","uid":"8bd48fb4-0049-4f47-b0f9-5e129ffa1c0c"},{"associatedChampions":[36],"associatedMaps":[12],"blocks":[{"hideIfSummonerSpell":"","items":[{"count":1,"id":"1028"},{"count":1,"id":"2003"},{"count":1,"id":"2051"}],"showIfSummonerSpell":"","type":"Starting Items"},{"hideIfSummonerSpell":"","items":[{"count":1,"id":"3068"},{"count":1,"id":"3111"},{"count":1,"id":"3083"}],"showIfSummonerSpell":"","type":"Mythic & Core Items"},{"hideIfSummonerSpell":"","items":[{"count":1,"id":"3065"},{"count":1,"id":"3075"}],"showIfSummonerSpell":"","type":"Fourth Item Options"},{"hideIfSummonerSpell":"","items":[{"count":1,"id":"3075"},{"count":1,"id":"4401"},{"count":1,"id":"3193"}],"showIfSummonerSpell":"","type":"Fifth Item Options"},{"hideIfSummonerSpell":"","items":[{"count":1,"id":"3193"},{"count":1,"id":"4401"},{"count":1,"id":"3748"}],"showIfSummonerSpell":"","type":"Sixth Item Options"}],"map":"any","mode":"any","preferredItemSlots":[],"sortrank":0,"startedFrom":"blank","title":"U.GG - Dr. Mundo","type":"custom","uid":"677446d8-2718-7b46-940c-9b07eeb1dfa3"},{"associatedChampions":[200],"associatedMaps":[12],"blocks":[{"hideIfSummonerSpell":"","items":[{"count":1,"id":"1001"},{"count":1,"id":"2031"},{"count":1,"id":"3184"}],"showIfSummonerSpell":"","type":"Starting Items"},{"hideIfSummonerSpell":"","items":[{"count":1,"id":"6673"},{"count":1,"id":"3111"},{"count":1,"id":"3153"}],"showIfSummonerSpell":"","type":"Mythic & Core Items"},{"hideIfSummonerSpell":"","items":[{"count":1,"id":"6333"},{"count":1,"id":"3091"}],"showIfSummonerSpell":"","type":"Fourth Item Options"},{"hideIfSummonerSpell":"","items":[{"count":1,"id":"6333"},{"count":1,"id":"3065"},{"count":1,"id":"3091"}],"showIfSummonerSpell":"","type":"Fifth Item Options"},{"hideIfSummonerSpell":"","items":[{"count":1,"id":"3065"},{"count":1,"id":"3124"},{"count":1,"id":"3072"}],"showIfSummonerSpell":"","type":"Sixth Item Options"}],"map":"any","mode":"any","preferredItemSlots":[],"sortrank":0,"startedFrom":"blank","title":"U.GG - Bel'Veth","type":"custom","uid":"7fd29949-d42e-ed49-923f-a8cbb02c46e4"},{"associatedChampions":[60],"associatedMaps":[12],"blocks":[{"hideIfSummonerSpell":"","items":[{"count":1,"id":"1001"},{"count":1,"id":"2003"},{"count":1,"id":"3145"}],"showIfSummonerSpell":"","type":"Starting Items"},{"hideIfSummonerSpell":"","items":[{"count":1,"id":"6655"},{"count":1,"id":"3020"},{"count":1,"id":"3089"}],"showIfSummonerSpell":"","type":"Mythic & Core Items"},{"hideIfSummonerSpell":"","items":[{"count":1,"id":"4645"},{"count":1,"id":"3157"}],"showIfSummonerSpell":"","type":"Fourth Item Options"},{"hideIfSummonerSpell":"","items":[{"count":1,"id":"3135"},{"count":1,"id":"3157"},{"count":1,"id":"4645"}],"showIfSummonerSpell":"","type":"Fifth Item Options"},{"hideIfSummonerSpell":"","items":[{"count":1,"id":"3157"},{"count":1,"id":"3102"},{"count":1,"id":"3135"}],"showIfSummonerSpell":"","type":"Sixth Item Options"}],"map":"any","mode":"any","preferredItemSlots":[],"sortrank":0,"startedFrom":"blank","title":"U.GG - Elise","type":"custom","uid":"627f8bc2-0b84-ad45-affd-708a83af275f"},{"associatedChampions":[23],"associatedMaps":[12],"blocks":[{"hideIfSummonerSpell":"","items":[{"count":1,"id":"1001"},{"count":1,"id":"2031"},{"count":1,"id":"3184"}],"showIfSummonerSpell":"","type":"Starting Items"},{"hideIfSummonerSpell":"","items":[{"count":1,"id":"6672"},{"count":1,"id":"3006"},{"count":1,"id":"3046"}],"showIfSummonerSpell":"","type":"Mythic & Core Items"},{"hideIfSummonerSpell":"","items":[{"count":1,"id":"3031"},{"count":1,"id":"6675"}],"showIfSummonerSpell":"","type":"Fourth Item Options"},{"hideIfSummonerSpell":"","items":[{"count":1,"id":"3153"},{"count":1,"id":"3031"},{"count":1,"id":"3072"}],"showIfSummonerSpell":"","type":"Fifth Item Options"},{"hideIfSummonerSpell":"","items":[{"count":1,"id":"3153"},{"count":1,"id":"3072"},{"count":1,"id":"3031"}],"showIfSummonerSpell":"","type":"Sixth Item Options"}],"map":"any","mode":"any","preferredItemSlots":[],"sortrank":0,"startedFrom":"blank","title":"U.GG - Tryndamere","type":"custom","uid":"56133dfb-3b66-dd41-b76f-1087c0ec658b"},{"associatedChampions":[777],"associatedMaps":[12],"blocks":[{"hideIfSummonerSpell":"","items":[{"count":1,"id":"1042"},{"count":1,"id":"3006"}],"showIfSummonerSpell":"","type":"Starting Items"},{"hideIfSummonerSpell":"","items":[{"count":1,"id":"3006"},{"count":1,"id":"6673"},{"count":1,"id":"3031"}],"showIfSummonerSpell":"","type":"Mythic & Core Items"},{"hideIfSummonerSpell":"","items":[{"count":1,"id":"6333"},{"count":1,"id":"3072"}],"showIfSummonerSpell":"","type":"Fourth Item Options"},{"hideIfSummonerSpell":"","items":[{"count":1,"id":"6333"},{"count":1,"id":"3072"},{"count":1,"id":"3091"}],"showIfSummonerSpell":"","type":"Fifth Item Options"},{"hideIfSummonerSpell":"","items":[{"count":1,"id":"3065"},{"count":1,"id":"3072"},{"count":1,"id":"6333"}],"showIfSummonerSpell":"","type":"Sixth Item Options"}],"map":"any","mode":"any","preferredItemSlots":[],"sortrank":0,"startedFrom":"blank","title":"U.GG - Yone","type":"custom","uid":"6df56c96-e590-2d41-a4bb-0be0a49709b9"},{"associatedChampions":[98],"associatedMaps":[12],"blocks":[{"hideIfSummonerSpell":"","items":[{"count":1,"id":"1028"},{"count":1,"id":"2003"},{"count":1,"id":"2051"}],"showIfSummonerSpell":"","type":"Starting Items"},{"hideIfSummonerSpell":"","items":[{"count":1,"id":"3068"},{"count":1,"id":"3111"},{"count":1,"id":"3083"}],"showIfSummonerSpell":"","type":"Mythic & Core Items"},{"hideIfSummonerSpell":"","items":[{"count":1,"id":"3075"},{"count":1,"id":"4401"}],"showIfSummonerSpell":"","type":"Fourth Item Options"},{"hideIfSummonerSpell":"","items":[{"count":1,"id":"3075"},{"count":1,"id":"3748"},{"count":1,"id":"4401"}],"showIfSummonerSpell":"","type":"Fifth Item Options"},{"hideIfSummonerSpell":"","items":[{"count":1,"id":"3193"},{"count":1,"id":"3748"},{"count":1,"id":"4401"}],"showIfSummonerSpell":"","type":"Sixth Item Options"}],"map":"any","mode":"any","preferredItemSlots":[],"sortrank":0,"startedFrom":"blank","title":"U.GG - Shen","type":"custom","uid":"131b556e-29b3-2e46-bb6d-e6c992eacaee"},{"associatedChampions":[526],"associatedMaps":[12],"blocks":[{"hideIfSummonerSpell":"","items":[{"count":1,"id":"1029"},{"count":1,"id":"2031"},{"count":1,"id":"2051"}],"showIfSummonerSpell":"","type":"Starting Items"},{"hideIfSummonerSpell":"","items":[{"count":1,"id":"3068"},{"count":1,"id":"3111"},{"count":1,"id":"3083"}],"showIfSummonerSpell":"","type":"Mythic & Core Items"},{"hideIfSummonerSpell":"","items":[{"count":1,"id":"4401"},{"count":1,"id":"3075"}],"showIfSummonerSpell":"","type":"Fourth Item Options"},{"hideIfSummonerSpell":"","items":[{"count":1,"id":"3075"},{"count":1,"id":"4401"},{"count":1,"id":"3193"}],"showIfSummonerSpell":"","type":"Fifth Item Options"},{"hideIfSummonerSpell":"","items":[{"count":1,"id":"4401"},{"count":1,"id":"3065"},{"count":1,"id":"3075"}],"showIfSummonerSpell":"","type":"Sixth Item Options"}],"map":"any","mode":"any","preferredItemSlots":[],"sortrank":0,"startedFrom":"blank","title":"U.GG - Rell","type":"custom","uid":"567ebca0-b589-9b4e-8ba5-307d589fe5a3"},{"associatedChampions":[82],"associatedMaps":[12],"blocks":[{"hideIfSummonerSpell":"","items":[{"count":1,"id":"1001"},{"count":1,"id":"2031"},{"count":1,"id":"2051"}],"showIfSummonerSpell":"","type":"Starting Items"},{"hideIfSummonerSpell":"","items":[{"count":1,"id":"4633"},{"count":1,"id":"3111"},{"count":1,"id":"4637"}],"showIfSummonerSpell":"","type":"Mythic & Core Items"},{"hideIfSummonerSpell":"","items":[{"count":1,"id":"3065"},{"count":1,"id":"3116"}],"showIfSummonerSpell":"","type":"Fourth Item Options"},{"hideIfSummonerSpell":"","items":[{"count":1,"id":"3065"},{"count":1,"id":"3075"},{"count":1,"id":"3116"}],"showIfSummonerSpell":"","type":"Fifth Item Options"},{"hideIfSummonerSpell":"","items":[{"count":1,"id":"3065"},{"count":1,"id":"4401"},{"count":1,"id":"3075"}],"showIfSummonerSpell":"","type":"Sixth Item Options"}],"map":"any","mode":"any","preferredItemSlots":[],"sortrank":0,"startedFrom":"blank","title":"U.GG - Mordekaiser","type":"custom","uid":"51c11e00-2dce-6448-9e96-defba930ac75"},{"associatedChampions":[1],"associatedMaps":[12],"blocks":[{"hideIfSummonerSpell":"","items":[{"count":1,"id":"1001"},{"count":1,"id":"2003"},{"count":1,"id":"3145"}],"showIfSummonerSpell":"","type":"Starting Items"},{"hideIfSummonerSpell":"","items":[{"count":1,"id":"6655"},{"count":1,"id":"3020"},{"count":1,"id":"3089"}],"showIfSummonerSpell":"","type":"Mythic & Core Items"},{"hideIfSummonerSpell":"","items":[{"count":1,"id":"4645"},{"count":1,"id":"3157"}],"showIfSummonerSpell":"","type":"Fourth Item Options"},{"hideIfSummonerSpell":"","items":[{"count":1,"id":"3135"},{"count":1,"id":"3157"},{"count":1,"id":"4645"}],"showIfSummonerSpell":"","type":"Fifth Item Options"},{"hideIfSummonerSpell":"","items":[{"count":1,"id":"3102"},{"count":1,"id":"4645"},{"count":1,"id":"3157"}],"showIfSummonerSpell":"","type":"Sixth Item Options"}],"map":"any","mode":"any","preferredItemSlots":[],"sortrank":0,"startedFrom":"blank","title":"U.GG - Annie","type":"custom","uid":"ebd234b9-68d9-b24b-877c-951dd36350fb"},{"associatedChampions":[154],"associatedMaps":[12],"blocks":[{"hideIfSummonerSpell":"","items":[{"count":1,"id":"1028"},{"count":1,"id":"2003"},{"count":1,"id":"2051"}],"showIfSummonerSpell":"","type":"Starting Items"},{"hideIfSummonerSpell":"","items":[{"count":1,"id":"3068"},{"count":1,"id":"3111"},{"count":1,"id":"3083"}],"showIfSummonerSpell":"","type":"Mythic & Core Items"},{"hideIfSummonerSpell":"","items":[{"count":1,"id":"3065"},{"count":1,"id":"3075"}],"showIfSummonerSpell":"","type":"Fourth Item Options"},{"hideIfSummonerSpell":"","items":[{"count":1,"id":"4637"},{"count":1,"id":"3075"},{"count":1,"id":"4401"}],"showIfSummonerSpell":"","type":"Fifth Item Options"},{"hideIfSummonerSpell":"","items":[{"count":1,"id":"4637"},{"count":1,"id":"3193"},{"count":1,"id":"3065"}],"showIfSummonerSpell":"","type":"Sixth Item Options"}],"map":"any","mode":"any","preferredItemSlots":[],"sortrank":0,"startedFrom":"blank","title":"U.GG - Zac","type":"custom","uid":"4e051d64-63e9-ec43-816e-c2feb000b818"},{"associatedChampions":[888],"associatedMaps":[12],"blocks":[{"hideIfSummonerSpell":"","items":[{"count":1,"id":"2003"},{"count":1,"id":"3070"},{"count":1,"id":"4642"}],"showIfSummonerSpell":"","type":"Starting Items"},{"hideIfSummonerSpell":"","items":[{"count":1,"id":"4005"},{"count":1,"id":"3158"},{"count":1,"id":"3003"}],"showIfSummonerSpell":"","type":"Mythic & Core Items"},{"hideIfSummonerSpell":"","items":[{"count":1,"id":"3011"},{"count":1,"id":"3107"}],"showIfSummonerSpell":"","type":"Fourth Item Options"},{"hideIfSummonerSpell":"","items":[{"count":1,"id":"3107"},{"count":1,"id":"3504"},{"count":1,"id":"6616"}],"showIfSummonerSpell":"","type":"Fifth Item Options"},{"hideIfSummonerSpell":"","items":[{"count":1,"id":"3504"},{"count":1,"id":"6616"},{"count":1,"id":"3107"}],"showIfSummonerSpell":"","type":"Sixth Item Options"}],"map":"any","mode":"any","preferredItemSlots":[],"sortrank":0,"startedFrom":"blank","title":"U.GG - Renata Glasc","type":"custom","uid":"c87626f4-2623-5743-b146-d3acda8735b2"},{"associatedChampions":[22],"associatedMaps":[12],"blocks":[{"hideIfSummonerSpell":"","items":[{"count":1,"id":"2003"},{"count":1,"id":"3070"},{"count":1,"id":"4642"}],"showIfSummonerSpell":"","type":"Starting Items"},{"hideIfSummonerSpell":"","items":[{"count":1,"id":"4005"},{"count":1,"id":"3158"},{"count":1,"id":"3004"}],"showIfSummonerSpell":"","type":"Mythic & Core Items"},{"hideIfSummonerSpell":"","items":[{"count":1,"id":"6696"},{"count":1,"id":"6694"}],"showIfSummonerSpell":"","type":"Fourth Item Options"},{"hideIfSummonerSpell":"","items":[{"count":1,"id":"3074"},{"count":1,"id":"6694"},{"count":1,"id":"6696"}],"showIfSummonerSpell":"","type":"Fifth Item Options"},{"hideIfSummonerSpell":"","items":[{"count":1,"id":"3074"},{"count":1,"id":"3046"},{"count":1,"id":"3072"}],"showIfSummonerSpell":"","type":"Sixth Item Options"}],"map":"any","mode":"any","preferredItemSlots":[],"sortrank":0,"startedFrom":"blank","title":"U.GG - Ashe","type":"custom","uid":"a6d57421-b62e-c746-9450-5b1cfad8a143"},{"associatedChampions":[89],"associatedMaps":[12],"blocks":[{"hideIfSummonerSpell":"","items":[{"count":1,"id":"2003"},{"count":1,"id":"2051"},{"count":1,"id":"3070"}],"showIfSummonerSpell":"","type":"Starting Items"},{"hideIfSummonerSpell":"","items":[{"count":1,"id":"3068"},{"count":1,"id":"3111"},{"count":1,"id":"3119"}],"showIfSummonerSpell":"","type":"Mythic & Core Items"},{"hideIfSummonerSpell":"","items":[{"count":1,"id":"3083"},{"count":1,"id":"3075"}],"showIfSummonerSpell":"","type":"Fourth Item Options"},{"hideIfSummonerSpell":"","items":[{"count":1,"id":"4401"},{"count":1,"id":"3083"},{"count":1,"id":"3075"}],"showIfSummonerSpell":"","type":"Fifth Item Options"},{"hideIfSummonerSpell":"","items":[{"count":1,"id":"3193"},{"count":1,"id":"3065"},{"count":1,"id":"3110"}],"showIfSummonerSpell":"","type":"Sixth Item Options"}],"map":"any","mode":"any","preferredItemSlots":[],"sortrank":0,"startedFrom":"blank","title":"U.GG - Leona","type":"custom","uid":"5a6b948a-443b-2d4c-b869-a010544c6a11"},{"associatedChampions":[518],"associatedMaps":[12],"blocks":[{"hideIfSummonerSpell":"","items":[{"count":1,"id":"1001"},{"count":1,"id":"2003"},{"count":1,"id":"3145"}],"showIfSummonerSpell":"","type":"Starting Items"},{"hideIfSummonerSpell":"","items":[{"count":1,"id":"6655"},{"count":1,"id":"3020"},{"count":1,"id":"3089"}],"showIfSummonerSpell":"","type":"Mythic & Core Items"},{"hideIfSummonerSpell":"","items":[{"count":1,"id":"4645"},{"count":1,"id":"3157"}],"showIfSummonerSpell":"","type":"Fourth Item Options"},{"hideIfSummonerSpell":"","items":[{"count":1,"id":"3102"},{"count":1,"id":"4628"},{"count":1,"id":"4645"}],"showIfSummonerSpell":"","type":"Fifth Item Options"},{"hideIfSummonerSpell":"","items":[{"count":1,"id":"4629"},{"count":1,"id":"4401"},{"count":1,"id":"3031"}],"showIfSummonerSpell":"","type":"Sixth Item Options"}],"map":"any","mode":"any","preferredItemSlots":[],"sortrank":0,"startedFrom":"blank","title":"U.GG - Neeko","type":"custom","uid":"167949f9-1bad-5549-b9d4-e30b80fbaf60"},{"associatedChampions":[57],"associatedMaps":[12],"blocks":[{"hideIfSummonerSpell":"","items":[{"count":1,"id":"2003"},{"count":1,"id":"2051"},{"count":1,"id":"3070"}],"showIfSummonerSpell":"","type":"Starting Items"},{"hideIfSummonerSpell":"","items":[{"count":1,"id":"6653"},{"count":1,"id":"3020"},{"count":1,"id":"4637"}],"showIfSummonerSpell":"","type":"Mythic & Core Items"},{"hideIfSummonerSpell":"","items":[{"count":1,"id":"3165"},{"count":1,"id":"3065"}],"showIfSummonerSpell":"","type":"Fourth Item Options"},{"hideIfSummonerSpell":"","items":[{"count":1,"id":"4401"},{"count":1,"id":"3083"},{"count":1,"id":"3065"}],"showIfSummonerSpell":"","type":"Fifth Item Options"},{"hideIfSummonerSpell":"","items":[{"count":1,"id":"4401"},{"count":1,"id":"3102"},{"count":1,"id":"8020"}],"showIfSummonerSpell":"","type":"Sixth Item Options"}],"map":"any","mode":"any","preferredItemSlots":[],"sortrank":0,"startedFrom":"blank","title":"U.GG - Maokai","type":"custom","uid":"cdd18a7f-8772-1743-86e4-d0d75dd077e2"},{"associatedChampions":[412],"associatedMaps":[12],"blocks":[{"hideIfSummonerSpell":"","items":[{"count":1,"id":"2003"},{"count":1,"id":"2051"},{"count":1,"id":"3070"}],"showIfSummonerSpell":"","type":"Starting Items"},{"hideIfSummonerSpell":"","items":[{"count":1,"id":"3068"},{"count":1,"id":"3111"},{"count":1,"id":"3083"}],"showIfSummonerSpell":"","type":"Mythic & Core Items"},{"hideIfSummonerSpell":"","items":[{"count":1,"id":"4401"},{"count":1,"id":"3075"}],"showIfSummonerSpell":"","type":"Fourth Item Options"},{"hideIfSummonerSpell":"","items":[{"count":1,"id":"4401"},{"count":1,"id":"3075"},{"count":1,"id":"3110"}],"showIfSummonerSpell":"","type":"Fifth Item Options"},{"hideIfSummonerSpell":"","items":[{"count":1,"id":"4401"},{"count":1,"id":"3193"},{"count":1,"id":"3065"}],"showIfSummonerSpell":"","type":"Sixth Item Options"}],"map":"any","mode":"any","preferredItemSlots":[],"sortrank":0,"startedFrom":"blank","title":"U.GG - Thresh","type":"custom","uid":"78949a57-d45b-1c4a-b52c-0b4977fb4a51"},{"associatedChampions":[17],"associatedMaps":[12],"blocks":[{"hideIfSummonerSpell":"","items":[{"count":2,"id":"1052"},{"count":2,"id":"2003"},{"count":1,"id":"3070"}],"showIfSummonerSpell":"","type":"Starting Items"},{"hideIfSummonerSpell":"","items":[{"count":1,"id":"6653"},{"count":1,"id":"3020"},{"count":1,"id":"4637"}],"showIfSummonerSpell":"","type":"Mythic & Core Items"},{"hideIfSummonerSpell":"","items":[{"count":1,"id":"3089"},{"count":1,"id":"3165"}],"showIfSummonerSpell":"","type":"Fourth Item Options"},{"hideIfSummonerSpell":"","items":[{"count":1,"id":"3089"},{"count":1,"id":"4645"},{"count":1,"id":"3135"}],"showIfSummonerSpell":"","type":"Fifth Item Options"},{"hideIfSummonerSpell":"","items":[{"count":1,"id":"3089"},{"count":1,"id":"4645"},{"count":1,"id":"3135"}],"showIfSummonerSpell":"","type":"Sixth Item Options"}],"map":"any","mode":"any","preferredItemSlots":[],"sortrank":0,"startedFrom":"blank","title":"U.GG - Teemo","type":"custom","uid":"4a979437-782b-cc46-942d-43ce2fc16dc5"},{"associatedChampions":[150],"associatedMaps":[12],"blocks":[{"hideIfSummonerSpell":"","items":[{"count":1,"id":"1001"},{"count":1,"id":"2031"},{"count":1,"id":"2051"}],"showIfSummonerSpell":"","type":"Starting Items"},{"hideIfSummonerSpell":"","items":[{"count":1,"id":"6632"},{"count":1,"id":"3047"},{"count":1,"id":"6333"}],"showIfSummonerSpell":"","type":"Mythic & Core Items"},{"hideIfSummonerSpell":"","items":[{"count":1,"id":"4401"},{"count":1,"id":"3091"}],"showIfSummonerSpell":"","type":"Fourth Item Options"},{"hideIfSummonerSpell":"","items":[{"count":1,"id":"4401"},{"count":1,"id":"3091"},{"count":1,"id":"3065"}],"showIfSummonerSpell":"","type":"Fifth Item Options"},{"hideIfSummonerSpell":"","items":[{"count":1,"id":"4401"},{"count":1,"id":"3065"},{"count":1,"id":"3083"}],"showIfSummonerSpell":"","type":"Sixth Item Options"}],"map":"any","mode":"any","preferredItemSlots":[],"sortrank":0,"startedFrom":"blank","title":"U.GG - Gnar","type":"custom","uid":"fdb9d37d-00c3-4342-b648-58804fd078f1"},{"associatedChampions":[84],"associatedMaps":[12],"blocks":[{"hideIfSummonerSpell":"","items":[{"count":1,"id":"1001"},{"count":1,"id":"2031"},{"count":1,"id":"2051"}],"showIfSummonerSpell":"","type":"Starting Items"},{"hideIfSummonerSpell":"","items":[{"count":1,"id":"4633"},{"count":1,"id":"3020"},{"count":1,"id":"4645"}],"showIfSummonerSpell":"","type":"Mythic & Core Items"},{"hideIfSummonerSpell":"","items":[{"count":1,"id":"3157"},{"count":1,"id":"3089"}],"showIfSummonerSpell":"","type":"Fourth Item Options"},{"hideIfSummonerSpell":"","items":[{"count":1,"id":"3089"},{"count":1,"id":"4637"},{"count":1,"id":"3135"}],"showIfSummonerSpell":"","type":"Fifth Item Options"},{"hideIfSummonerSpell":"","items":[{"count":1,"id":"3089"},{"count":1,"id":"3135"},{"count":1,"id":"3102"}],"showIfSummonerSpell":"","type":"Sixth Item Options"}],"map":"any","mode":"any","preferredItemSlots":[],"sortrank":0,"startedFrom":"blank","title":"U.GG - Akali","type":"custom","uid":"cd1d1422-699a-9a40-8df0-126759c027a0"},{"associatedChampions":[81],"associatedMaps":[12],"blocks":[{"hideIfSummonerSpell":"","items":[{"count":1,"id":"1001"},{"count":1,"id":"3057"},{"count":1,"id":"3070"}],"showIfSummonerSpell":"","type":"Starting Items"},{"hideIfSummonerSpell":"","items":[{"count":1,"id":"6632"},{"count":1,"id":"3004"},{"count":1,"id":"3158"}],"showIfSummonerSpell":"","type":"Mythic & Core Items"},{"hideIfSummonerSpell":"","items":[{"count":1,"id":"6694"},{"count":1,"id":"3074"}],"showIfSummonerSpell":"","type":"Fourth Item Options"},{"hideIfSummonerSpell":"","items":[{"count":1,"id":"3074"},{"count":1,"id":"6694"},{"count":1,"id":"3156"}],"showIfSummonerSpell":"","type":"Fifth Item Options"},{"hideIfSummonerSpell":"","items":[{"count":1,"id":"3074"},{"count":1,"id":"3156"},{"count":1,"id":"6694"}],"showIfSummonerSpell":"","type":"Sixth Item Options"}],"map":"any","mode":"any","preferredItemSlots":[],"sortrank":0,"startedFrom":"blank","title":"U.GG - Ezreal","type":"custom","uid":"b10510f8-6698-0544-a567-ac2c23e46b17"},{"associatedChampions":[74],"associatedMaps":[12],"blocks":[{"hideIfSummonerSpell":"","items":[{"count":1,"id":"1052"},{"count":1,"id":"3112"}],"showIfSummonerSpell":"","type":"Starting Items"},{"hideIfSummonerSpell":"","items":[{"count":1,"id":"6653"},{"count":1,"id":"3020"},{"count":1,"id":"4637"}],"showIfSummonerSpell":"","type":"Mythic & Core Items"},{"hideIfSummonerSpell":"","items":[{"count":1,"id":"3116"},{"count":1,"id":"3089"}],"showIfSummonerSpell":"","type":"Fourth Item Options"},{"hideIfSummonerSpell":"","items":[{"count":1,"id":"3089"},{"count":1,"id":"3102"},{"count":1,"id":"4645"}],"showIfSummonerSpell":"","type":"Fifth Item Options"},{"hideIfSummonerSpell":"","items":[{"count":1,"id":"8020"},{"count":1,"id":"3100"},{"count":1,"id":"3119"}],"showIfSummonerSpell":"","type":"Sixth Item Options"}],"map":"any","mode":"any","preferredItemSlots":[],"sortrank":0,"startedFrom":"blank","title":"U.GG - Heimerdinger","type":"custom","uid":"54073525-1f1c-ae47-8d5a-f1463f4378f6"},{"associatedChampions":[203],"associatedMaps":[11],"blocks":[{"hideIfSummonerSpell":"","items":[{"count":1,"id":"1035"},{"count":1,"id":"2031"}],"showIfSummonerSpell":"","type":"Starting Items"},{"hideIfSummonerSpell":"","items":[{"count":1,"id":"6672"},{"count":1,"id":"3006"},{"count":1,"id":"6676"}],"showIfSummonerSpell":"","type":"Mythic & Core Items"},{"hideIfSummonerSpell":"","items":[{"count":1,"id":"3031"},{"count":1,"id":"3094"}],"showIfSummonerSpell":"","type":"Fourth Item Options"},{"hideIfSummonerSpell":"","items":[{"count":1,"id":"3031"},{"count":1,"id":"3026"},{"count":1,"id":"3094"}],"showIfSummonerSpell":"","type":"Fifth Item Options"},{"hideIfSummonerSpell":"","items":[{"count":1,"id":"3026"},{"count":1,"id":"3031"},{"count":1,"id":"3036"}],"showIfSummonerSpell":"","type":"Sixth Item Options"}],"map":"any","mode":"any","preferredItemSlots":[],"sortrank":0,"startedFrom":"blank","title":"U.GG - Kindred","type":"custom","uid":"eb63f691-cd9f-aa4e-85b0-31066e99c4c3"},{"associatedChampions":[166],"associatedMaps":[12],"blocks":[{"hideIfSummonerSpell":"","items":[{"count":1,"id":"1001"},{"count":1,"id":"2031"},{"count":1,"id":"3184"}],"showIfSummonerSpell":"","type":"Starting Items"},{"hideIfSummonerSpell":"","items":[{"count":1,"id":"6672"},{"count":1,"id":"3006"},{"count":1,"id":"3153"}],"showIfSummonerSpell":"","type":"Mythic & Core Items"},{"hideIfSummonerSpell":"","items":[{"count":1,"id":"3091"},{"count":1,"id":"3031"}],"showIfSummonerSpell":"","type":"Fourth Item Options"},{"hideIfSummonerSpell":"","items":[{"count":1,"id":"3036"},{"count":1,"id":"3031"},{"count":1,"id":"3072"}],"showIfSummonerSpell":"","type":"Fifth Item Options"},{"hideIfSummonerSpell":"","items":[{"count":1,"id":"3036"},{"count":1,"id":"3072"},{"count":1,"id":"3031"}],"showIfSummonerSpell":"","type":"Sixth Item Options"}],"map":"any","mode":"any","preferredItemSlots":[],"sortrank":0,"startedFrom":"blank","title":"U.GG - Akshan","type":"custom","uid":"ccb7ae6f-52dd-d540-8151-f735d8ef7e09"},{"associatedChampions":[7],"associatedMaps":[12],"blocks":[{"hideIfSummonerSpell":"","items":[{"count":1,"id":"1001"},{"count":1,"id":"2003"},{"count":1,"id":"3145"}],"showIfSummonerSpell":"","type":"Starting Items"},{"hideIfSummonerSpell":"","items":[{"count":1,"id":"6655"},{"count":1,"id":"3020"},{"count":1,"id":"3089"}],"showIfSummonerSpell":"","type":"Mythic & Core Items"},{"hideIfSummonerSpell":"","items":[{"count":1,"id":"3157"},{"count":1,"id":"4645"}],"showIfSummonerSpell":"","type":"Fourth Item Options"},{"hideIfSummonerSpell":"","items":[{"count":1,"id":"3135"},{"count":1,"id":"3157"},{"count":1,"id":"3102"}],"showIfSummonerSpell":"","type":"Fifth Item Options"},{"hideIfSummonerSpell":"","items":[{"count":1,"id":"3102"},{"count":1,"id":"3135"},{"count":1,"id":"3157"}],"showIfSummonerSpell":"","type":"Sixth Item Options"}],"map":"any","mode":"any","preferredItemSlots":[],"sortrank":0,"startedFrom":"blank","title":"U.GG - LeBlanc","type":"custom","uid":"39a1b12f-0b1c-6b41-8592-bde3dc67d650"},{"associatedChampions":[79],"associatedMaps":[12],"blocks":[{"hideIfSummonerSpell":"","items":[{"count":1,"id":"2003"},{"count":1,"id":"2051"},{"count":1,"id":"3070"}],"showIfSummonerSpell":"","type":"Starting Items"},{"hideIfSummonerSpell":"","items":[{"count":1,"id":"4636"},{"count":1,"id":"3020"},{"count":1,"id":"4645"}],"showIfSummonerSpell":"","type":"Mythic & Core Items"},{"hideIfSummonerSpell":"","items":[{"count":1,"id":"3089"},{"count":1,"id":"3157"}],"showIfSummonerSpell":"","type":"Fourth Item Options"},{"hideIfSummonerSpell":"","items":[{"count":1,"id":"3089"},{"count":1,"id":"3135"},{"count":1,"id":"3100"}],"showIfSummonerSpell":"","type":"Fifth Item Options"},{"hideIfSummonerSpell":"","items":[{"count":1,"id":"3089"},{"count":1,"id":"3157"},{"count":1,"id":"3135"}],"showIfSummonerSpell":"","type":"Sixth Item Options"}],"map":"any","mode":"any","preferredItemSlots":[],"sortrank":0,"startedFrom":"blank","title":"U.GG - Gragas","type":"custom","uid":"7ac3341a-e68a-e744-a0fb-7cdfa45a87d1"},{"associatedChampions":[254],"associatedMaps":[12],"blocks":[{"hideIfSummonerSpell":"","items":[{"count":1,"id":"1001"},{"count":1,"id":"3134"}],"showIfSummonerSpell":"","type":"Starting Items"},{"hideIfSummonerSpell":"","items":[{"count":1,"id":"6692"},{"count":1,"id":"3111"},{"count":1,"id":"6676"}],"showIfSummonerSpell":"","type":"Mythic & Core Items"},{"hideIfSummonerSpell":"","items":[{"count":1,"id":"6333"},{"count":1,"id":"3156"}],"showIfSummonerSpell":"","type":"Fourth Item Options"},{"hideIfSummonerSpell":"","items":[{"count":1,"id":"3156"},{"count":1,"id":"6333"},{"count":1,"id":"3065"}],"showIfSummonerSpell":"","type":"Fifth Item Options"},{"hideIfSummonerSpell":"","items":[{"count":1,"id":"3065"},{"count":1,"id":"3156"},{"count":1,"id":"3075"}],"showIfSummonerSpell":"","type":"Sixth Item Options"}],"map":"any","mode":"any","preferredItemSlots":[],"sortrank":0,"startedFrom":"blank","title":"U.GG - Vi","type":"custom","uid":"b85c33da-d725-ea44-a28d-9a253aea9ddc"},{"associatedChampions":[427],"associatedMaps":[12],"blocks":[{"hideIfSummonerSpell":"","items":[{"count":1,"id":"2003"},{"count":1,"id":"3070"},{"count":1,"id":"4642"}],"showIfSummonerSpell":"","type":"Starting Items"},{"hideIfSummonerSpell":"","items":[{"count":1,"id":"6617"},{"count":1,"id":"3158"},{"count":1,"id":"3003"}],"showIfSummonerSpell":"","type":"Mythic & Core Items"},{"hideIfSummonerSpell":"","items":[{"count":1,"id":"3107"},{"count":1,"id":"3504"}],"showIfSummonerSpell":"","type":"Fourth Item Options"},{"hideIfSummonerSpell":"","items":[{"count":1,"id":"3504"},{"count":1,"id":"6616"},{"count":1,"id":"3011"}],"showIfSummonerSpell":"","type":"Fifth Item Options"},{"hideIfSummonerSpell":"","items":[{"count":1,"id":"6616"},{"count":1,"id":"3504"},{"count":1,"id":"3107"}],"showIfSummonerSpell":"","type":"Sixth Item Options"}],"map":"any","mode":"any","preferredItemSlots":[],"sortrank":0,"startedFrom":"blank","title":"U.GG - Ivern","type":"custom","uid":"2ce83332-d670-4c4e-8287-26fec6c4f076"},{"associatedChampions":[103],"associatedMaps":[12],"blocks":[{"hideIfSummonerSpell":"","items":[{"count":1,"id":"2003"},{"count":1,"id":"3070"},{"count":1,"id":"3112"}],"showIfSummonerSpell":"","type":"Starting Items"},{"hideIfSummonerSpell":"","items":[{"count":1,"id":"6655"},{"count":1,"id":"3020"},{"count":1,"id":"3089"}],"showIfSummonerSpell":"","type":"Mythic & Core Items"},{"hideIfSummonerSpell":"","items":[{"count":1,"id":"4645"},{"count":1,"id":"3157"}],"showIfSummonerSpell":"","type":"Fourth Item Options"},{"hideIfSummonerSpell":"","items":[{"count":1,"id":"3157"},{"count":1,"id":"3102"},{"count":1,"id":"4645"}],"showIfSummonerSpell":"","type":"Fifth Item Options"},{"hideIfSummonerSpell":"","items":[{"count":1,"id":"3102"},{"count":1,"id":"4629"},{"count":1,"id":"3003"}],"showIfSummonerSpell":"","type":"Sixth Item Options"}],"map":"any","mode":"any","preferredItemSlots":[],"sortrank":0,"startedFrom":"blank","title":"U.GG - Ahri","type":"custom","uid":"14f4eaee-b7d2-1949-a65b-5f7867b1ae51"},{"associatedChampions":[240],"associatedMaps":[12],"blocks":[{"hideIfSummonerSpell":"","items":[{"count":1,"id":"1028"},{"count":1,"id":"2051"}],"showIfSummonerSpell":"","type":"Starting Items"},{"hideIfSummonerSpell":"","items":[{"count":1,"id":"3068"},{"count":1,"id":"3111"},{"count":1,"id":"3748"}],"showIfSummonerSpell":"","type":"Mythic & Core Items"},{"hideIfSummonerSpell":"","items":[{"count":1,"id":"6333"},{"count":1,"id":"3156"}],"showIfSummonerSpell":"","type":"Fourth Item Options"},{"hideIfSummonerSpell":"","items":[{"count":1,"id":"4401"},{"count":1,"id":"3156"},{"count":1,"id":"3071"}],"showIfSummonerSpell":"","type":"Fifth Item Options"},{"hideIfSummonerSpell":"","items":[{"count":1,"id":"3071"},{"count":1,"id":"3156"},{"count":1,"id":"4401"}],"showIfSummonerSpell":"","type":"Sixth Item Options"}],"map":"any","mode":"any","preferredItemSlots":[],"sortrank":0,"startedFrom":"blank","title":"U.GG - Kled","type":"custom","uid":"aed1bb79-6ef6-5944-820c-9228798a653c"},{"associatedChampions":[122],"associatedMaps":[12],"blocks":[{"hideIfSummonerSpell":"","items":[{"count":1,"id":"1001"},{"count":1,"id":"2031"},{"count":1,"id":"2051"}],"showIfSummonerSpell":"","type":"Starting Items"},{"hideIfSummonerSpell":"","items":[{"count":1,"id":"6630"},{"count":1,"id":"3111"},{"count":1,"id":"6333"}],"showIfSummonerSpell":"","type":"Mythic & Core Items"},{"hideIfSummonerSpell":"","items":[{"count":1,"id":"3065"},{"count":1,"id":"4401"}],"showIfSummonerSpell":"","type":"Fourth Item Options"},{"hideIfSummonerSpell":"","items":[{"count":1,"id":"4401"},{"count":1,"id":"3065"},{"count":1,"id":"3053"}],"showIfSummonerSpell":"","type":"Fifth Item Options"},{"hideIfSummonerSpell":"","items":[{"count":1,"id":"4401"},{"count":1,"id":"3742"},{"count":1,"id":"3065"}],"showIfSummonerSpell":"","type":"Sixth Item Options"}],"map":"any","mode":"any","preferredItemSlots":[],"sortrank":0,"startedFrom":"blank","title":"U.GG - Darius","type":"custom","uid":"1dd778b3-9521-bd48-8674-cc07f3cc678b"},{"associatedChampions":[42],"associatedMaps":[12],"blocks":[{"hideIfSummonerSpell":"","items":[{"count":1,"id":"1001"},{"count":2,"id":"1036"},{"count":1,"id":"3070"}],"showIfSummonerSpell":"","type":"Starting Items"},{"hideIfSummonerSpell":"","items":[{"count":1,"id":"3004"},{"count":1,"id":"3020"},{"count":1,"id":"6655"}],"showIfSummonerSpell":"","type":"Mythic & Core Items"},{"hideIfSummonerSpell":"","items":[{"count":1,"id":"3074"},{"count":1,"id":"4628"}],"showIfSummonerSpell":"","type":"Fourth Item Options"},{"hideIfSummonerSpell":"","items":[{"count":1,"id":"4645"},{"count":1,"id":"3074"},{"count":1,"id":"3135"}],"showIfSummonerSpell":"","type":"Fifth Item Options"},{"hideIfSummonerSpell":"","items":[{"count":1,"id":"3135"},{"count":1,"id":"4645"},{"count":1,"id":"3156"}],"showIfSummonerSpell":"","type":"Sixth Item Options"}],"map":"any","mode":"any","preferredItemSlots":[],"sortrank":0,"startedFrom":"blank","title":"U.GG - Corki","type":"custom","uid":"4b56a111-7173-7346-a2f7-8bf508452cb7"},{"associatedChampions":[101],"associatedMaps":[12],"blocks":[{"hideIfSummonerSpell":"","items":[{"count":1,"id":"2003"},{"count":1,"id":"3070"},{"count":1,"id":"3112"}],"showIfSummonerSpell":"","type":"Starting Items"},{"hideIfSummonerSpell":"","items":[{"count":1,"id":"6655"},{"count":1,"id":"3020"},{"count":1,"id":"3089"}],"showIfSummonerSpell":"","type":"Mythic & Core Items"},{"hideIfSummonerSpell":"","items":[{"count":1,"id":"4645"},{"count":1,"id":"4628"}],"showIfSummonerSpell":"","type":"Fourth Item Options"},{"hideIfSummonerSpell":"","items":[{"count":1,"id":"4628"},{"count":1,"id":"4645"},{"count":1,"id":"3102"}],"showIfSummonerSpell":"","type":"Fifth Item Options"},{"hideIfSummonerSpell":"","items":[{"count":1,"id":"3135"},{"count":1,"id":"4645"},{"count":1,"id":"3102"}],"showIfSummonerSpell":"","type":"Sixth Item Options"}],"map":"any","mode":"any","preferredItemSlots":[],"sortrank":0,"startedFrom":"blank","title":"U.GG - Xerath","type":"custom","uid":"fc5ed95a-3a04-d643-8660-3a402c9d5ebc"},{"associatedChampions":[234],"associatedMaps":[12],"blocks":[{"hideIfSummonerSpell":"","items":[{"count":2,"id":"1036"},{"count":1,"id":"3057"}],"showIfSummonerSpell":"","type":"Starting Items"},{"hideIfSummonerSpell":"","items":[{"count":1,"id":"6632"},{"count":1,"id":"3047"},{"count":1,"id":"3153"}],"showIfSummonerSpell":"","type":"Mythic & Core Items"},{"hideIfSummonerSpell":"","items":[{"count":1,"id":"6333"},{"count":1,"id":"3091"}],"showIfSummonerSpell":"","type":"Fourth Item Options"},{"hideIfSummonerSpell":"","items":[{"count":1,"id":"3091"},{"count":1,"id":"3156"},{"count":1,"id":"6333"}],"showIfSummonerSpell":"","type":"Fifth Item Options"},{"hideIfSummonerSpell":"","items":[{"count":1,"id":"3065"},{"count":1,"id":"3156"},{"count":1,"id":"3091"}],"showIfSummonerSpell":"","type":"Sixth Item Options"}],"map":"any","mode":"any","preferredItemSlots":[],"sortrank":0,"startedFrom":"blank","title":"U.GG - Viego","type":"custom","uid":"ac31440b-ca35-bc46-b6a9-35a498a31cc7"},{"associatedChampions":[266],"associatedMaps":[12],"blocks":[{"hideIfSummonerSpell":"","items":[{"count":1,"id":"1001"},{"count":1,"id":"3134"}],"showIfSummonerSpell":"","type":"Starting Items"},{"hideIfSummonerSpell":"","items":[{"count":1,"id":"6692"},{"count":1,"id":"3111"},{"count":1,"id":"6333"}],"showIfSummonerSpell":"","type":"Mythic & Core Items"},{"hideIfSummonerSpell":"","items":[{"count":1,"id":"3065"},{"count":1,"id":"3156"}],"showIfSummonerSpell":"","type":"Fourth Item Options"},{"hideIfSummonerSpell":"","items":[{"count":1,"id":"3065"},{"count":1,"id":"6694"},{"count":1,"id":"3156"}],"showIfSummonerSpell":"","type":"Fifth Item Options"},{"hideIfSummonerSpell":"","items":[{"count":1,"id":"3074"},{"count":1,"id":"3065"},{"count":1,"id":"6694"}],"showIfSummonerSpell":"","type":"Sixth Item Options"}],"map":"any","mode":"any","preferredItemSlots":[],"sortrank":0,"startedFrom":"blank","title":"U.GG - Aatrox","type":"custom","uid":"de0c34af-d8d1-0140-b8b4-fea40d190cd5"},{"associatedChampions":[245],"associatedMaps":[12],"blocks":[{"hideIfSummonerSpell":"","items":[{"count":1,"id":"1001"},{"count":1,"id":"2003"},{"count":1,"id":"3145"}],"showIfSummonerSpell":"","type":"Starting Items"},{"hideIfSummonerSpell":"","items":[{"count":1,"id":"4636"},{"count":1,"id":"3020"},{"count":1,"id":"3100"}],"showIfSummonerSpell":"","type":"Mythic & Core Items"},{"hideIfSummonerSpell":"","items":[{"count":1,"id":"3157"},{"count":1,"id":"3089"}],"showIfSummonerSpell":"","type":"Fourth Item Options"},{"hideIfSummonerSpell":"","items":[{"count":1,"id":"3089"},{"count":1,"id":"4645"},{"count":1,"id":"3157"}],"showIfSummonerSpell":"","type":"Fifth Item Options"},{"hideIfSummonerSpell":"","items":[{"count":1,"id":"3089"},{"count":1,"id":"4645"},{"count":1,"id":"3135"}],"showIfSummonerSpell":"","type":"Sixth Item Options"}],"map":"any","mode":"any","preferredItemSlots":[],"sortrank":0,"startedFrom":"blank","title":"U.GG - Ekko","type":"custom","uid":"d644f24e-cc72-764d-9f30-af24906ce9b7"},{"associatedChampions":[236],"associatedMaps":[12],"blocks":[{"hideIfSummonerSpell":"","items":[{"count":1,"id":"1001"},{"count":1,"id":"2031"},{"count":1,"id":"3184"}],"showIfSummonerSpell":"","type":"Starting Items"},{"hideIfSummonerSpell":"","items":[{"count":1,"id":"6672"},{"count":1,"id":"3006"},{"count":1,"id":"3508"}],"showIfSummonerSpell":"","type":"Mythic & Core Items"},{"hideIfSummonerSpell":"","items":[{"count":1,"id":"3031"},{"count":1,"id":"3072"}],"showIfSummonerSpell":"","type":"Fourth Item Options"},{"hideIfSummonerSpell":"","items":[{"count":1,"id":"3031"},{"count":1,"id":"3072"},{"count":1,"id":"3036"}],"showIfSummonerSpell":"","type":"Fifth Item Options"},{"hideIfSummonerSpell":"","items":[{"count":1,"id":"3072"},{"count":1,"id":"3036"},{"count":1,"id":"3031"}],"showIfSummonerSpell":"","type":"Sixth Item Options"}],"map":"any","mode":"any","preferredItemSlots":[],"sortrank":0,"startedFrom":"blank","title":"U.GG - Lucian","type":"custom","uid":"bb888061-cb29-0f44-bf51-117f4144d448"},{"associatedChampions":[21],"associatedMaps":[12],"blocks":[{"hideIfSummonerSpell":"","items":[{"count":1,"id":"1001"},{"count":2,"id":"1036"},{"count":1,"id":"3070"}],"showIfSummonerSpell":"","type":"Starting Items"},{"hideIfSummonerSpell":"","items":[{"count":1,"id":"6653"},{"count":1,"id":"3020"},{"count":1,"id":"4637"}],"showIfSummonerSpell":"","type":"Mythic & Core Items"},{"hideIfSummonerSpell":"","items":[{"count":1,"id":"6676"},{"count":1,"id":"6694"}],"showIfSummonerSpell":"","type":"Fourth Item Options"},{"hideIfSummonerSpell":"","items":[{"count":1,"id":"6694"},{"count":1,"id":"6696"},{"count":1,"id":"6676"}],"showIfSummonerSpell":"","type":"Fifth Item Options"},{"hideIfSummonerSpell":"","items":[{"count":1,"id":"3814"},{"count":1,"id":"3072"},{"count":1,"id":"3156"}],"showIfSummonerSpell":"","type":"Sixth Item Options"}],"map":"any","mode":"any","preferredItemSlots":[],"sortrank":0,"startedFrom":"blank","title":"U.GG - Miss Fortune","type":"custom","uid":"669c5c34-d020-f04b-8f3a-12cb290c7c4a"},{"associatedChampions":[44],"associatedMaps":[12],"blocks":[{"hideIfSummonerSpell":"","items":[{"count":1,"id":"2003"},{"count":1,"id":"2051"},{"count":1,"id":"3070"}],"showIfSummonerSpell":"","type":"Starting Items"},{"hideIfSummonerSpell":"","items":[{"count":1,"id":"6662"},{"count":1,"id":"3111"},{"count":1,"id":"3119"}],"showIfSummonerSpell":"","type":"Mythic & Core Items"},{"hideIfSummonerSpell":"","items":[{"count":1,"id":"3065"},{"count":1,"id":"3110"}],"showIfSummonerSpell":"","type":"Fourth Item Options"},{"hideIfSummonerSpell":"","items":[{"count":1,"id":"3110"},{"count":1,"id":"4401"},{"count":1,"id":"3075"}],"showIfSummonerSpell":"","type":"Fifth Item Options"},{"hideIfSummonerSpell":"","items":[{"count":1,"id":"3110"},{"count":1,"id":"3083"},{"count":1,"id":"8020"}],"showIfSummonerSpell":"","type":"Sixth Item Options"}],"map":"any","mode":"any","preferredItemSlots":[],"sortrank":0,"startedFrom":"blank","title":"U.GG - Taric","type":"custom","uid":"1f12e8d3-77fd-9645-9152-a7aee617d790"},{"associatedChampions":[58],"associatedMaps":[11],"blocks":[{"hideIfSummonerSpell":"","items":[{"count":1,"id":"1055"},{"count":1,"id":"2003"}],"showIfSummonerSpell":"","type":"Starting Items"},{"hideIfSummonerSpell":"","items":[{"count":1,"id":"3153"},{"count":1,"id":"3047"},{"count":1,"id":"6693"}],"showIfSummonerSpell":"","type":"Mythic & Core Items"},{"hideIfSummonerSpell":"","items":[{"count":1,"id":"6333"},{"count":1,"id":"6694"}],"showIfSummonerSpell":"","type":"Fourth Item Options"},{"hideIfSummonerSpell":"","items":[{"count":1,"id":"3026"},{"count":1,"id":"6333"},{"count":1,"id":"3071"}],"showIfSummonerSpell":"","type":"Fifth Item Options"},{"hideIfSummonerSpell":"","items":[{"count":1,"id":"3026"},{"count":1,"id":"6694"},{"count":1,"id":"3156"}],"showIfSummonerSpell":"","type":"Sixth Item Options"}],"map":"any","mode":"any","preferredItemSlots":[],"sortrank":0,"startedFrom":"blank","title":"U.GG - Renekton","type":"custom","uid":"e9320e26-d833-ef47-837f-42a02cced188"},{"associatedChampions":[145],"associatedMaps":[12],"blocks":[{"hideIfSummonerSpell":"","items":[{"count":1,"id":"1026"},{"count":1,"id":"2031"},{"count":1,"id":"3070"}],"showIfSummonerSpell":"","type":"Starting Items"},{"hideIfSummonerSpell":"","items":[{"count":1,"id":"6655"},{"count":1,"id":"3020"},{"count":1,"id":"3004"}],"showIfSummonerSpell":"","type":"Mythic & Core Items"},{"hideIfSummonerSpell":"","items":[{"count":1,"id":"3115"},{"count":1,"id":"4628"}],"showIfSummonerSpell":"","type":"Fourth Item Options"},{"hideIfSummonerSpell":"","items":[{"count":1,"id":"3089"},{"count":1,"id":"4628"},{"count":1,"id":"4645"}],"showIfSummonerSpell":"","type":"Fifth Item Options"},{"hideIfSummonerSpell":"","items":[{"count":1,"id":"3089"},{"count":1,"id":"3135"},{"count":1,"id":"4645"}],"showIfSummonerSpell":"","type":"Sixth Item Options"}],"map":"any","mode":"any","preferredItemSlots":[],"sortrank":0,"startedFrom":"blank","title":"U.GG - Kai'Sa","type":"custom","uid":"01966038-d2af-6d4b-93ec-695aebdca043"},{"associatedChampions":[895],"associatedMaps":[12],"blocks":[{"hideIfSummonerSpell":"","items":[{"count":1,"id":"1001"},{"count":1,"id":"2031"},{"count":1,"id":"3184"}],"showIfSummonerSpell":"","type":"Starting Items"},{"hideIfSummonerSpell":"","items":[{"count":1,"id":"6673"},{"count":1,"id":"3006"},{"count":1,"id":"3072"}],"showIfSummonerSpell":"","type":"Mythic & Core Items"},{"hideIfSummonerSpell":"","items":[{"count":1,"id":"3031"},{"count":1,"id":"3046"}],"showIfSummonerSpell":"","type":"Fourth Item Options"},{"hideIfSummonerSpell":"","items":[{"count":1,"id":"3031"},{"count":1,"id":"6333"},{"count":1,"id":"3036"}],"showIfSummonerSpell":"","type":"Fifth Item Options"},{"hideIfSummonerSpell":"","items":[{"count":1,"id":"3036"},{"count":1,"id":"6333"},{"count":1,"id":"3031"}],"showIfSummonerSpell":"","type":"Sixth Item Options"}],"map":"any","mode":"any","preferredItemSlots":[],"sortrank":0,"startedFrom":"blank","title":"U.GG - Nilah","type":"custom","uid":"95df558e-6704-ff42-96f1-339e3c1d17e4"},{"associatedChampions":[235],"associatedMaps":[12],"blocks":[{"hideIfSummonerSpell":"","items":[{"count":1,"id":"2003"},{"count":1,"id":"3070"},{"count":1,"id":"3184"}],"showIfSummonerSpell":"","type":"Starting Items"},{"hideIfSummonerSpell":"","items":[{"count":1,"id":"6692"},{"count":1,"id":"3004"},{"count":1,"id":"3009"}],"showIfSummonerSpell":"","type":"Mythic & Core Items"},{"hideIfSummonerSpell":"","items":[{"count":1,"id":"3094"},{"count":1,"id":"6676"}],"showIfSummonerSpell":"","type":"Fourth Item Options"},{"hideIfSummonerSpell":"","items":[{"count":1,"id":"6676"},{"count":1,"id":"3031"},{"count":1,"id":"3094"}],"showIfSummonerSpell":"","type":"Fifth Item Options"},{"hideIfSummonerSpell":"","items":[{"count":1,"id":"3036"},{"count":1,"id":"3031"},{"count":1,"id":"3072"}],"showIfSummonerSpell":"","type":"Sixth Item Options"}],"map":"any","mode":"any","preferredItemSlots":[],"sortrank":0,"startedFrom":"blank","title":"U.GG - Senna","type":"custom","uid":"74a95bed-57a4-d84b-8ab8-cf8fb3e569ef"},{"associatedChampions":[92],"associatedMaps":[12],"blocks":[{"hideIfSummonerSpell":"","items":[{"count":1,"id":"1001"},{"count":1,"id":"2031"},{"count":1,"id":"3177"}],"showIfSummonerSpell":"","type":"Starting Items"},{"hideIfSummonerSpell":"","items":[{"count":1,"id":"6630"},{"count":1,"id":"3158"},{"count":1,"id":"6333"}],"showIfSummonerSpell":"","type":"Mythic & Core Items"},{"hideIfSummonerSpell":"","items":[{"count":1,"id":"3156"},{"count":1,"id":"3071"}],"showIfSummonerSpell":"","type":"Fourth Item Options"},{"hideIfSummonerSpell":"","items":[{"count":1,"id":"3074"},{"count":1,"id":"3071"},{"count":1,"id":"3065"}],"showIfSummonerSpell":"","type":"Fifth Item Options"},{"hideIfSummonerSpell":"","items":[{"count":1,"id":"3074"},{"count":1,"id":"3065"},{"count":1,"id":"3071"}],"showIfSummonerSpell":"","type":"Sixth Item Options"}],"map":"any","mode":"any","preferredItemSlots":[],"sortrank":0,"startedFrom":"blank","title":"U.GG - Riven","type":"custom","uid":"4021ba61-b866-0940-b7de-56feaddfcfcc"},{"associatedChampions":[157],"associatedMaps":[12],"blocks":[{"hideIfSummonerSpell":"","items":[{"count":1,"id":"1042"},{"count":1,"id":"2031"},{"count":1,"id":"3184"}],"showIfSummonerSpell":"","type":"Starting Items"},{"hideIfSummonerSpell":"","items":[{"count":1,"id":"3006"},{"count":1,"id":"6673"},{"count":1,"id":"3031"}],"showIfSummonerSpell":"","type":"Mythic & Core Items"},{"hideIfSummonerSpell":"","items":[{"count":1,"id":"6333"},{"count":1,"id":"3072"}],"showIfSummonerSpell":"","type":"Fourth Item Options"},{"hideIfSummonerSpell":"","items":[{"count":1,"id":"6333"},{"count":1,"id":"3072"},{"count":1,"id":"3091"}],"showIfSummonerSpell":"","type":"Fifth Item Options"},{"hideIfSummonerSpell":"","items":[{"count":1,"id":"3065"},{"count":1,"id":"3072"},{"count":1,"id":"6333"}],"showIfSummonerSpell":"","type":"Sixth Item Options"}],"map":"any","mode":"any","preferredItemSlots":[],"sortrank":0,"startedFrom":"blank","title":"U.GG - Yasuo","type":"custom","uid":"5fc6e178-2143-ad45-b64f-be6aba811833"},{"associatedChampions":[15],"associatedMaps":[12],"blocks":[{"hideIfSummonerSpell":"","items":[{"count":1,"id":"1001"},{"count":1,"id":"2031"},{"count":1,"id":"3184"}],"showIfSummonerSpell":"","type":"Starting Items"},{"hideIfSummonerSpell":"","items":[{"count":1,"id":"6672"},{"count":1,"id":"3006"},{"count":1,"id":"3046"}],"showIfSummonerSpell":"","type":"Mythic & Core Items"},{"hideIfSummonerSpell":"","items":[{"count":1,"id":"3031"},{"count":1,"id":"3072"}],"showIfSummonerSpell":"","type":"Fourth Item Options"},{"hideIfSummonerSpell":"","items":[{"count":1,"id":"3072"},{"count":1,"id":"3036"},{"count":1,"id":"3031"}],"showIfSummonerSpell":"","type":"Fifth Item Options"},{"hideIfSummonerSpell":"","items":[{"count":1,"id":"3072"},{"count":1,"id":"3036"},{"count":1,"id":"3031"}],"showIfSummonerSpell":"","type":"Sixth Item Options"}],"map":"any","mode":"any","preferredItemSlots":[],"sortrank":0,"startedFrom":"blank","title":"U.GG - Sivir","type":"custom","uid":"9e712aac-4dd4-8046-b5af-ab1abea78669"},{"associatedChampions":[19],"associatedMaps":[11],"blocks":[{"hideIfSummonerSpell":"","items":[{"count":1,"id":"1035"}],"showIfSummonerSpell":"","type":"Starting Items"},{"hideIfSummonerSpell":"","items":[{"count":1,"id":"3047"},{"count":1,"id":"3068"},{"count":1,"id":"3748"}],"showIfSummonerSpell":"","type":"Mythic & Core Items"},{"hideIfSummonerSpell":"","items":[{"count":1,"id":"3075"},{"count":1,"id":"3153"}],"showIfSummonerSpell":"","type":"Fourth Item Options"},{"hideIfSummonerSpell":"","items":[{"count":1,"id":"3065"},{"count":1,"id":"6333"},{"count":1,"id":"3075"}],"showIfSummonerSpell":"","type":"Fifth Item Options"},{"hideIfSummonerSpell":"","items":[{"count":1,"id":"3065"},{"count":1,"id":"6333"},{"count":1,"id":"3026"}],"showIfSummonerSpell":"","type":"Sixth Item Options"}],"map":"any","mode":"any","preferredItemSlots":[],"sortrank":0,"startedFrom":"blank","title":"U.GG - Warwick","type":"custom","uid":"9a5f2211-3cbf-d940-aaa8-1e4eb70b20c0"},{"associatedChampions":[77],"associatedMaps":[11],"blocks":[{"hideIfSummonerSpell":"","items":[{"count":1,"id":"1039"},{"count":1,"id":"2031"}],"showIfSummonerSpell":"","type":"Starting Items"},{"hideIfSummonerSpell":"","items":[{"count":1,"id":"3158"},{"count":1,"id":"3068"},{"count":1,"id":"4637"}],"showIfSummonerSpell":"","type":"Mythic & Core Items"},{"hideIfSummonerSpell":"","items":[{"count":1,"id":"3742"},{"count":1,"id":"4401"}],"showIfSummonerSpell":"","type":"Fourth Item Options"},{"hideIfSummonerSpell":"","items":[{"count":1,"id":"4401"},{"count":1,"id":"3065"},{"count":1,"id":"3742"}],"showIfSummonerSpell":"","type":"Fifth Item Options"},{"hideIfSummonerSpell":"","items":[{"count":1,"id":"3143"},{"count":1,"id":"3065"},{"count":1,"id":"3075"}],"showIfSummonerSpell":"","type":"Sixth Item Options"}],"map":"any","mode":"any","preferredItemSlots":[],"sortrank":0,"startedFrom":"blank","title":"U.GG - Udyr","type":"custom","uid":"b95c6184-1dcd-154a-b541-f00f8b590999"},{"associatedChampions":[141],"associatedMaps":[11],"blocks":[{"hideIfSummonerSpell":"","items":[{"count":1,"id":"1036"},{"count":1,"id":"2031"}],"showIfSummonerSpell":"","type":"Starting Items"},{"hideIfSummonerSpell":"","items":[{"count":1,"id":"6693"},{"count":1,"id":"3158"},{"count":1,"id":"3004"}],"showIfSummonerSpell":"","type":"Mythic & Core Items"},{"hideIfSummonerSpell":"","items":[{"count":1,"id":"6694"},{"count":1,"id":"6676"}],"showIfSummonerSpell":"","type":"Fourth Item Options"},{"hideIfSummonerSpell":"","items":[{"count":1,"id":"6694"},{"count":1,"id":"6333"},{"count":1,"id":"3156"}],"showIfSummonerSpell":"","type":"Fifth Item Options"},{"hideIfSummonerSpell":"","items":[{"count":1,"id":"6694"},{"count":1,"id":"3071"},{"count":1,"id":"3065"}],"showIfSummonerSpell":"","type":"Sixth Item Options"}],"map":"any","mode":"any","preferredItemSlots":[],"sortrank":0,"startedFrom":"blank","title":"U.GG - Kayn","type":"custom","uid":"a598d714-9fae-6249-8c8b-78fe1418bc66"},{"associatedChampions":[56],"associatedMaps":[12],"blocks":[{"hideIfSummonerSpell":"","items":[{"count":1,"id":"2003"},{"count":1,"id":"3070"},{"count":1,"id":"3184"}],"showIfSummonerSpell":"","type":"Starting Items"},{"hideIfSummonerSpell":"","items":[{"count":1,"id":"6630"},{"count":1,"id":"3111"},{"count":1,"id":"6333"}],"showIfSummonerSpell":"","type":"Mythic & Core Items"},{"hideIfSummonerSpell":"","items":[{"count":1,"id":"6676"},{"count":1,"id":"3004"}],"showIfSummonerSpell":"","type":"Fourth Item Options"},{"hideIfSummonerSpell":"","items":[{"count":1,"id":"6694"},{"count":1,"id":"6676"},{"count":1,"id":"3814"}],"showIfSummonerSpell":"","type":"Fifth Item Options"},{"hideIfSummonerSpell":"","items":[{"count":1,"id":"3814"},{"count":1,"id":"6694"},{"count":1,"id":"3074"}],"showIfSummonerSpell":"","type":"Sixth Item Options"}],"map":"any","mode":"any","preferredItemSlots":[],"sortrank":0,"startedFrom":"blank","title":"U.GG - Nocturne","type":"custom","uid":"7d22ead8-1c5a-fb4f-abc3-c1dfe560481a"},{"associatedChampions":[83],"associatedMaps":[11],"blocks":[{"hideIfSummonerSpell":"","items":[{"count":1,"id":"1036"},{"count":1,"id":"2031"}],"showIfSummonerSpell":"","type":"Starting Items"},{"hideIfSummonerSpell":"","items":[{"count":1,"id":"6692"},{"count":1,"id":"3009"},{"count":1,"id":"6694"}],"showIfSummonerSpell":"","type":"Mythic & Core Items"},{"hideIfSummonerSpell":"","items":[{"count":1,"id":"6676"},{"count":1,"id":"3071"}],"showIfSummonerSpell":"","type":"Fourth Item Options"},{"hideIfSummonerSpell":"","items":[{"count":1,"id":"3071"},{"count":1,"id":"3156"},{"count":1,"id":"3026"}],"showIfSummonerSpell":"","type":"Fifth Item Options"},{"hideIfSummonerSpell":"","items":[{"count":1,"id":"3814"},{"count":1,"id":"3193"},{"count":1,"id":"3742"}],"showIfSummonerSpell":"","type":"Sixth Item Options"}],"map":"any","mode":"any","preferredItemSlots":[],"sortrank":0,"startedFrom":"blank","title":"U.GG - Yorick","type":"custom","uid":"d08ff59a-2af7-d64e-81e6-bb26dfe484f2"},{"associatedChampions":[246],"associatedMaps":[11],"blocks":[{"hideIfSummonerSpell":"","items":[{"count":1,"id":"1039"},{"count":1,"id":"2031"}],"showIfSummonerSpell":"","type":"Starting Items"},{"hideIfSummonerSpell":"","items":[{"count":1,"id":"3142"},{"count":1,"id":"6692"},{"count":1,"id":"3158"}],"showIfSummonerSpell":"","type":"Mythic & Core Items"},{"hideIfSummonerSpell":"","items":[{"count":1,"id":"6694"},{"count":1,"id":"6333"}],"showIfSummonerSpell":"","type":"Fourth Item Options"},{"hideIfSummonerSpell":"","items":[{"count":1,"id":"6694"},{"count":1,"id":"6333"},{"count":1,"id":"3814"}],"showIfSummonerSpell":"","type":"Fifth Item Options"},{"hideIfSummonerSpell":"","items":[{"count":1,"id":"3026"},{"count":1,"id":"3814"},{"count":1,"id":"6333"}],"showIfSummonerSpell":"","type":"Sixth Item Options"}],"map":"any","mode":"any","preferredItemSlots":[],"sortrank":0,"startedFrom":"blank","title":"U.GG - Qiyana","type":"custom","uid":"23680a7e-aa25-bf43-9796-d29e77329b63"}],"timestamp":1662059866281}