{"associatedChampions":[101],"associatedMaps":[12],"blocks":[{"hideIfSummonerSpell":"","items":[{"count":1,"id":"2003"},{"count":1,"id":"3070"},{"count":1,"id":"3112"}],"showIfSummonerSpell":"","type":"Starting Items"},{"hideIfSummonerSpell":"","items":[{"count":1,"id":"6655"},{"count":1,"id":"3020"},{"count":1,"id":"3089"}],"showIfSummonerSpell":"","type":"Mythic & Core Items"},{"hideIfSummonerSpell":"","items":[{"count":1,"id":"4645"},{"count":1,"id":"4628"}],"showIfSummonerSpell":"","type":"Fourth Item Options"},{"hideIfSummonerSpell":"","items":[{"count":1,"id":"4628"},{"count":1,"id":"4645"},{"count":1,"id":"3102"}],"showIfSummonerSpell":"","type":"Fifth Item Options"},{"hideIfSummonerSpell":"","items":[{"count":1,"id":"3135"},{"count":1,"id":"4645"},{"count":1,"id":"3102"}],"showIfSummonerSpell":"","type":"Sixth Item Options"}],"map":"HA","mode":"any","preferredItemSlots":[],"sortrank":9999,"startedFrom":"blank","title":"U.GG - Xerath","type":"custom","uid":"fc5ed95a-3a04-d643-8660-3a402c9d5ebc"}