{"associatedChampions":[221],"associatedMaps":[12],"blocks":[{"hideIfSummonerSpell":"","items":[{"count":1,"id":"1001"},{"count":1,"id":"2031"},{"count":1,"id":"3184"}],"showIfSummonerSpell":"","type":"Starting Items"},{"hideIfSummonerSpell":"","items":[{"count":1,"id":"6673"},{"count":1,"id":"3006"},{"count":1,"id":"3046"}],"showIfSummonerSpell":"","type":"Mythic & Core Items"},{"hideIfSummonerSpell":"","items":[{"count":1,"id":"3031"},{"count":1,"id":"3085"}],"showIfSummonerSpell":"","type":"Fourth Item Options"},{"hideIfSummonerSpell":"","items":[{"count":1,"id":"3036"},{"count":1,"id":"3031"},{"count":1,"id":"3072"}],"showIfSummonerSpell":"","type":"Fifth Item Options"},{"hideIfSummonerSpell":"","items":[{"count":1,"id":"3072"},{"count":1,"id":"3036"},{"count":1,"id":"3085"}],"showIfSummonerSpell":"","type":"Sixth Item Options"}],"map":"HA","mode":"any","preferredItemSlots":[],"sortrank":9999,"startedFrom":"blank","title":"U.GG - Zeri","type":"custom","uid":"d7e1cb6d-3761-d040-943e-e1dcba1665e3"}