{"associatedChampions":[17],"associatedMaps":[12],"blocks":[{"hideIfSummonerSpell":"","items":[{"count":2,"id":"1052"},{"count":2,"id":"2003"},{"count":1,"id":"3070"}],"showIfSummonerSpell":"","type":"Starting Items"},{"hideIfSummonerSpell":"","items":[{"count":1,"id":"6653"},{"count":1,"id":"3020"},{"count":1,"id":"4637"}],"showIfSummonerSpell":"","type":"Mythic & Core Items"},{"hideIfSummonerSpell":"","items":[{"count":1,"id":"3089"},{"count":1,"id":"3165"}],"showIfSummonerSpell":"","type":"Fourth Item Options"},{"hideIfSummonerSpell":"","items":[{"count":1,"id":"3089"},{"count":1,"id":"4645"},{"count":1,"id":"3135"}],"showIfSummonerSpell":"","type":"Fifth Item Options"},{"hideIfSummonerSpell":"","items":[{"count":1,"id":"3089"},{"count":1,"id":"4645"},{"count":1,"id":"3135"}],"showIfSummonerSpell":"","type":"Sixth Item Options"}],"map":"HA","mode":"any","preferredItemSlots":[],"sortrank":9999,"startedFrom":"blank","title":"U.GG - Teemo","type":"custom","uid":"4a979437-782b-cc46-942d-43ce2fc16dc5"}