{"associatedChampions":[145],"associatedMaps":[12],"blocks":[{"hideIfSummonerSpell":"","items":[{"count":1,"id":"1026"},{"count":1,"id":"2031"},{"count":1,"id":"3070"}],"showIfSummonerSpell":"","type":"Starting Items"},{"hideIfSummonerSpell":"","items":[{"count":1,"id":"6655"},{"count":1,"id":"3020"},{"count":1,"id":"3004"}],"showIfSummonerSpell":"","type":"Mythic & Core Items"},{"hideIfSummonerSpell":"","items":[{"count":1,"id":"3115"},{"count":1,"id":"4628"}],"showIfSummonerSpell":"","type":"Fourth Item Options"},{"hideIfSummonerSpell":"","items":[{"count":1,"id":"3089"},{"count":1,"id":"4628"},{"count":1,"id":"4645"}],"showIfSummonerSpell":"","type":"Fifth Item Options"},{"hideIfSummonerSpell":"","items":[{"count":1,"id":"3089"},{"count":1,"id":"3135"},{"count":1,"id":"4645"}],"showIfSummonerSpell":"","type":"Sixth Item Options"}],"map":"HA","mode":"any","preferredItemSlots":[],"sortrank":9999,"startedFrom":"blank","title":"U.GG - Kai'Sa","type":"custom","uid":"01966038-d2af-6d4b-93ec-695aebdca043"}