{"associatedChampions":[42],"associatedMaps":[12],"blocks":[{"hideIfSummonerSpell":"","items":[{"count":1,"id":"1001"},{"count":2,"id":"1036"},{"count":1,"id":"3070"}],"showIfSummonerSpell":"","type":"Starting Items"},{"hideIfSummonerSpell":"","items":[{"count":1,"id":"3004"},{"count":1,"id":"3020"},{"count":1,"id":"6655"}],"showIfSummonerSpell":"","type":"Mythic & Core Items"},{"hideIfSummonerSpell":"","items":[{"count":1,"id":"3074"},{"count":1,"id":"4628"}],"showIfSummonerSpell":"","type":"Fourth Item Options"},{"hideIfSummonerSpell":"","items":[{"count":1,"id":"4645"},{"count":1,"id":"3074"},{"count":1,"id":"3135"}],"showIfSummonerSpell":"","type":"Fifth Item Options"},{"hideIfSummonerSpell":"","items":[{"count":1,"id":"3135"},{"count":1,"id":"4645"},{"count":1,"id":"3156"}],"showIfSummonerSpell":"","type":"Sixth Item Options"}],"map":"HA","mode":"any","preferredItemSlots":[],"sortrank":9999,"startedFrom":"blank","title":"U.GG - Corki","type":"custom","uid":"4b56a111-7173-7346-a2f7-8bf508452cb7"}